timestamp;buyer;seller;symbol;currency;price;quantity
800;Valentina;Valentina;COCONUT_COUPON;SEASHELLS;636.0;5
900;Valentina;Vinnie;COCONUT_COUPON;SEASHELLS;634.0;17
1100;Valentina;Ruby;COCONUT_COUPON;SEASHELLS;635.0;17
1900;Valentina;Vinnie;COCONUT_COUPON;SEASHELLS;635.0;16
2000;Valentina;Vinnie;COCONUT_COUPON;SEASHELLS;637.0;14
3000;Valentina;Valentina;COCONUT_COUPON;SEASHELLS;631.0;6
3900;Vinnie;Vinnie;COCONUT_COUPON;SEASHELLS;635.0;2
3900;Vladimir;Vinnie;COCONUT_COUPON;SEASHELLS;635.0;10
4200;Ruby;Valentina;COCONUT_COUPON;SEASHELLS;635.0;20
4300;Valentina;Vinnie;COCONUT_COUPON;SEASHELLS;635.0;16
4300;Vladimir;Vinnie;COCONUT_COUPON;SEASHELLS;635.0;2
4900;Valentina;Ruby;COCONUT_COUPON;SEASHELLS;636.0;12
5200;Vinnie;Vinnie;COCONUT;SEASHELLS;9997.0;8
6500;Valentina;Rhianna;COCONUT_COUPON;SEASHELLS;642.0;9
6800;Valentina;Vinnie;COCONUT_COUPON;SEASHELLS;643.0;11
7900;Valentina;Ruby;COCONUT_COUPON;SEASHELLS;635.0;18
8900;Valentina;Vinnie;COCONUT_COUPON;SEASHELLS;639.0;15
8900;Vladimir;Vinnie;COCONUT_COUPON;SEASHELLS;639.0;5
9300;Raj;Vinnie;COCONUT;SEASHELLS;10005.0;6
10500;Valentina;Ruby;COCONUT_COUPON;SEASHELLS;635.0;16
10500;Vladimir;Ruby;COCONUT_COUPON;SEASHELLS;635.0;4
10900;Vinnie;Vinnie;COCONUT;SEASHELLS;10007.0;10
12500;Vinnie;Raj;COCONUT;SEASHELLS;10003.0;10
14500;Valentina;Rhianna;COCONUT_COUPON;SEASHELLS;641.0;11
14600;Valentina;Valentina;COCONUT_COUPON;SEASHELLS;641.0;6
14600;Valentina;Vinnie;COCONUT_COUPON;SEASHELLS;641.0;11
14900;Vinnie;Vinnie;COCONUT;SEASHELLS;10004.0;10
15300;Valentina;Vinnie;COCONUT_COUPON;SEASHELLS;641.0;14
15500;Ruby;Valentina;COCONUT_COUPON;SEASHELLS;639.0;16
15500;Ruby;Vladimir;COCONUT_COUPON;SEASHELLS;639.0;4
16000;Vinnie;Vinnie;COCONUT;SEASHELLS;10001.0;8
16200;Vinnie;Vinnie;COCONUT;SEASHELLS;10000.0;10
16400;Valentina;Ruby;COCONUT_COUPON;SEASHELLS;635.0;11
16600;Valentina;Valentina;COCONUT_COUPON;SEASHELLS;633.0;9
17100;Vinnie;Vinnie;COCONUT;SEASHELLS;10000.0;10
18400;Ruby;Valentina;COCONUT_COUPON;SEASHELLS;638.0;14
20100;Vinnie;Vinnie;COCONUT;SEASHELLS;9990.0;5
20100;Vinnie;Raj;COCONUT;SEASHELLS;9990.0;10
20700;Valentina;Valentina;COCONUT_COUPON;SEASHELLS;631.0;6
20800;Vinnie;Raj;COCONUT;SEASHELLS;9993.0;10
22900;Valentina;Valentina;COCONUT_COUPON;SEASHELLS;627.0;7
23600;Vinnie;Vinnie;COCONUT;SEASHELLS;9988.0;7
23800;Vinnie;Vinnie;COCONUT;SEASHELLS;9988.0;5
24900;Vinnie;Vinnie;COCONUT;SEASHELLS;9990.0;6
25400;Vinnie;Vinnie;COCONUT;SEASHELLS;9991.0;10
25700;Vinnie;Vinnie;COCONUT;SEASHELLS;9993.0;9
26500;Rhianna;Vinnie;COCONUT;SEASHELLS;9996.0;3
26600;Valentina;Vinnie;COCONUT_COUPON;SEASHELLS;625.0;17
26600;Vladimir;Valentina;COCONUT_COUPON;SEASHELLS;625.0;10
26800;Valentina;Vinnie;COCONUT_COUPON;SEASHELLS;623.0;20
29400;Valentina;Vinnie;COCONUT_COUPON;SEASHELLS;624.0;20
30200;Vinnie;Vinnie;COCONUT;SEASHELLS;9994.0;7
30500;Vinnie;Vinnie;COCONUT;SEASHELLS;9993.0;9
31000;Valentina;Vinnie;COCONUT_COUPON;SEASHELLS;628.0;19
31300;Vinnie;Vinnie;COCONUT;SEASHELLS;9993.0;7
31800;Ruby;Valentina;COCONUT_COUPON;SEASHELLS;637.0;11
32400;Vinnie;Vinnie;COCONUT;SEASHELLS;9993.0;5
33000;Vinnie;Rhianna;COCONUT;SEASHELLS;9994.0;1
33100;Valentina;Vinnie;COCONUT_COUPON;SEASHELLS;637.0;15
33200;Vinnie;Vinnie;COCONUT;SEASHELLS;9994.0;10
34200;Ruby;Valentina;COCONUT_COUPON;SEASHELLS;630.0;20
35400;Valentina;Vinnie;COCONUT_COUPON;SEASHELLS;635.0;15
36000;Ruby;Valentina;COCONUT_COUPON;SEASHELLS;634.0;10
36200;Valentina;Rhianna;COCONUT_COUPON;SEASHELLS;634.0;5
36900;Valentina;Ruby;COCONUT_COUPON;SEASHELLS;634.0;15
37300;Valentina;Vinnie;COCONUT_COUPON;SEASHELLS;632.0;20
38800;Valentina;Vinnie;COCONUT_COUPON;SEASHELLS;638.0;11
39100;Valentina;Vinnie;COCONUT_COUPON;SEASHELLS;637.0;12
39700;Valentina;Valentina;COCONUT_COUPON;SEASHELLS;643.0;10
40800;Valentina;Vinnie;COCONUT_COUPON;SEASHELLS;636.0;16
41200;Vinnie;Vinnie;COCONUT;SEASHELLS;9981.0;9
41500;Ruby;Valentina;COCONUT_COUPON;SEASHELLS;638.0;16
41600;Vinnie;Vinnie;COCONUT;SEASHELLS;9978.0;10
42400;Vinnie;Vinnie;COCONUT;SEASHELLS;9979.0;8
42700;Vinnie;Vinnie;COCONUT;SEASHELLS;9978.0;5
42900;Vinnie;Vinnie;COCONUT;SEASHELLS;9975.0;5
43100;Raj;Vinnie;COCONUT;SEASHELLS;9974.0;8
43300;Vinnie;Vinnie;COCONUT;SEASHELLS;9975.0;9
43500;Valentina;Vinnie;COCONUT_COUPON;SEASHELLS;627.0;12
44000;Valentina;Valentina;COCONUT_COUPON;SEASHELLS;629.0;5
44600;Valentina;Vinnie;COCONUT_COUPON;SEASHELLS;627.0;13
44600;Ruby;Valentina;COCONUT_COUPON;SEASHELLS;628.0;19
45700;Valentina;Vinnie;COCONUT_COUPON;SEASHELLS;620.0;20
46300;Vinnie;Vinnie;COCONUT;SEASHELLS;9970.0;5
46400;Vinnie;Raj;COCONUT;SEASHELLS;9969.0;8
46600;Valentina;Vinnie;COCONUT_COUPON;SEASHELLS;616.0;16
47300;Ruby;Valentina;COCONUT_COUPON;SEASHELLS;615.0;14
47800;Ruby;Valentina;COCONUT_COUPON;SEASHELLS;614.0;13
47900;Ruby;Valentina;COCONUT_COUPON;SEASHELLS;614.0;16
48100;Ruby;Valentina;COCONUT_COUPON;SEASHELLS;615.0;10
48100;Raj;Vinnie;COCONUT;SEASHELLS;9969.0;8
48600;Vinnie;Vinnie;COCONUT;SEASHELLS;9964.0;5
49600;Valentina;Vinnie;COCONUT_COUPON;SEASHELLS;613.0;20
49900;Valentina;Ruby;COCONUT_COUPON;SEASHELLS;618.0;12
50600;Valentina;Vinnie;COCONUT_COUPON;SEASHELLS;616.0;13
51100;Valentina;Rhianna;COCONUT_COUPON;SEASHELLS;619.0;14
51300;Rhianna;Vinnie;COCONUT;SEASHELLS;9969.0;3
52200;Vinnie;Vinnie;COCONUT;SEASHELLS;9970.0;8
52500;Vinnie;Vinnie;COCONUT_COUPON;SEASHELLS;621.0;2
52800;Vinnie;Rhianna;COCONUT;SEASHELLS;9972.0;3
54100;Vinnie;Raj;COCONUT;SEASHELLS;9975.0;6
54200;Rhianna;Valentina;COCONUT_COUPON;SEASHELLS;622.0;4
54400;Valentina;Vinnie;COCONUT_COUPON;SEASHELLS;621.0;11
54400;Ruby;Valentina;COCONUT_COUPON;SEASHELLS;622.0;10
55300;Valentina;Vinnie;COCONUT_COUPON;SEASHELLS;625.0;15
55300;Vladimir;Vinnie;COCONUT_COUPON;SEASHELLS;625.0;1
55400;Vinnie;Rhianna;COCONUT;SEASHELLS;9974.0;3
56100;Ruby;Valentina;COCONUT_COUPON;SEASHELLS;628.0;11
56200;Vinnie;Vinnie;COCONUT;SEASHELLS;9973.0;9
56600;Ruby;Valentina;COCONUT_COUPON;SEASHELLS;626.0;13
57400;Valentina;Valentina;COCONUT_COUPON;SEASHELLS;622.0;6
57500;Valentina;Vinnie;COCONUT_COUPON;SEASHELLS;622.0;14
58000;Rhianna;Vinnie;COCONUT;SEASHELLS;9966.0;2
58800;Vinnie;Raj;COCONUT;SEASHELLS;9962.0;5
59000;Valentina;Vinnie;COCONUT_COUPON;SEASHELLS;617.0;17
59300;Vinnie;Vinnie;COCONUT;SEASHELLS;9960.0;5
59600;Valentina;Valentina;COCONUT_COUPON;SEASHELLS;616.0;9
60900;Vladimir;Ruby;COCONUT_COUPON;SEASHELLS;615.0;12
61100;Vinnie;Vinnie;COCONUT;SEASHELLS;9956.0;9
61600;Vinnie;Rhianna;COCONUT;SEASHELLS;9952.0;3
61900;Valentina;Vinnie;COCONUT_COUPON;SEASHELLS;610.0;14
62600;Valentina;Vinnie;COCONUT_COUPON;SEASHELLS;605.0;18
62900;Valentina;Vinnie;COCONUT_COUPON;SEASHELLS;606.0;15
63000;Valentina;Ruby;COCONUT_COUPON;SEASHELLS;604.0;11
63200;Ruby;Valentina;COCONUT_COUPON;SEASHELLS;606.0;17
64100;Rhianna;Vinnie;COCONUT;SEASHELLS;9947.0;3
65500;Vinnie;Vinnie;COCONUT;SEASHELLS;9943.0;5
65800;Vinnie;Vinnie;COCONUT;SEASHELLS;9945.0;7
66500;Ruby;Valentina;COCONUT_COUPON;SEASHELLS;605.0;18
66900;Vinnie;Vinnie;COCONUT;SEASHELLS;9943.0;7
67300;Valentina;Vinnie;COCONUT_COUPON;SEASHELLS;609.0;11
69100;Vinnie;Vinnie;COCONUT;SEASHELLS;9954.0;10
69900;Vinnie;Vinnie;COCONUT;SEASHELLS;9953.0;8
70300;Raj;Vinnie;COCONUT;SEASHELLS;9952.0;7
70400;Valentina;Valentina;COCONUT_COUPON;SEASHELLS;614.0;8
71400;Vinnie;Vinnie;COCONUT;SEASHELLS;9955.0;6
71500;Valentina;Valentina;COCONUT_COUPON;SEASHELLS;615.0;7
71800;Vinnie;Vinnie;COCONUT;SEASHELLS;9956.0;8
72000;Valentina;Vinnie;COCONUT_COUPON;SEASHELLS;613.0;17
73100;Vinnie;Vinnie;COCONUT;SEASHELLS;9955.0;9
73300;Valentina;Vinnie;COCONUT_COUPON;SEASHELLS;611.0;10
73700;Ruby;Valentina;COCONUT_COUPON;SEASHELLS;613.0;15
74100;Rhianna;Vinnie;COCONUT;SEASHELLS;9960.0;3
74800;Ruby;Valentina;COCONUT_COUPON;SEASHELLS;614.0;14
74800;Valentina;Rhianna;COCONUT_COUPON;SEASHELLS;613.0;14
75000;Vinnie;Vinnie;COCONUT;SEASHELLS;9963.0;7
75500;Ruby;Valentina;COCONUT_COUPON;SEASHELLS;611.0;16
75500;Ruby;Vladimir;COCONUT_COUPON;SEASHELLS;611.0;2
75600;Valentina;Rhianna;COCONUT_COUPON;SEASHELLS;609.0;9
76400;Ruby;Valentina;COCONUT_COUPON;SEASHELLS;607.0;16
77200;Vinnie;Vinnie;COCONUT;SEASHELLS;9958.0;8
77600;Valentina;Vinnie;COCONUT_COUPON;SEASHELLS;603.0;17
77700;Vinnie;Vinnie;COCONUT;SEASHELLS;9954.0;6
77900;Valentina;Ruby;COCONUT_COUPON;SEASHELLS;602.0;11
78100;Ruby;Vladimir;COCONUT_COUPON;SEASHELLS;601.0;1
78100;Ruby;Valentina;COCONUT_COUPON;SEASHELLS;601.0;18
78400;Vinnie;Raj;COCONUT;SEASHELLS;9956.0;5
78500;Valentina;Vinnie;COCONUT_COUPON;SEASHELLS;598.0;13
78800;Valentina;Valentina;COCONUT_COUPON;SEASHELLS;597.0;6
79300;Vinnie;Vinnie;COCONUT;SEASHELLS;9953.0;7
79400;Valentina;Vinnie;COCONUT_COUPON;SEASHELLS;598.0;13
82900;Vinnie;Vinnie;COCONUT;SEASHELLS;9961.0;5
83200;Valentina;Vinnie;COCONUT_COUPON;SEASHELLS;605.0;17
83300;Vladimir;Vinnie;COCONUT_COUPON;SEASHELLS;607.0;12
85500;Vinnie;Vinnie;COCONUT;SEASHELLS;9952.0;9
86500;Vinnie;Vinnie;COCONUT;SEASHELLS;9950.0;6
87300;Valentina;Vinnie;COCONUT_COUPON;SEASHELLS;599.0;11
88300;Valentina;Valentina;COCONUT_COUPON;SEASHELLS;594.0;8
88500;Valentina;Vinnie;COCONUT_COUPON;SEASHELLS;593.0;20
88500;Vinnie;Vinnie;COCONUT;SEASHELLS;9949.0;9
88600;Valentina;Valentina;COCONUT_COUPON;SEASHELLS;594.0;7
89200;Valentina;Vinnie;COCONUT_COUPON;SEASHELLS;589.0;16
89300;Vinnie;Vinnie;COCONUT;SEASHELLS;9941.0;5
90300;Vinnie;Vinnie;COCONUT;SEASHELLS;9943.0;9
91600;Valentina;Ruby;COCONUT_COUPON;SEASHELLS;586.0;13
92200;Valentina;Rhianna;COCONUT_COUPON;SEASHELLS;591.0;8
94500;Valentina;Vinnie;COCONUT_COUPON;SEASHELLS;587.0;11
94600;Valentina;Vinnie;COCONUT_COUPON;SEASHELLS;587.0;16
95900;Valentina;Ruby;COCONUT_COUPON;SEASHELLS;586.0;12
96300;Ruby;Valentina;COCONUT_COUPON;SEASHELLS;589.0;11
96300;Valentina;Vinnie;COCONUT_COUPON;SEASHELLS;588.0;12
96500;Vinnie;Vinnie;COCONUT;SEASHELLS;9951.0;5
96600;Ruby;Valentina;COCONUT_COUPON;SEASHELLS;593.0;18
97000;Valentina;Vinnie;COCONUT_COUPON;SEASHELLS;592.0;17
97100;Raj;Vinnie;COCONUT;SEASHELLS;9952.0;7
97300;Vinnie;Vinnie;COCONUT;SEASHELLS;9950.0;7
97700;Valentina;Ruby;COCONUT_COUPON;SEASHELLS;590.0;18
97900;Valentina;Vinnie;COCONUT_COUPON;SEASHELLS;587.0;14
99600;Valentina;Vinnie;COCONUT_COUPON;SEASHELLS;594.0;13
99700;Valentina;Vinnie;COCONUT_COUPON;SEASHELLS;592.0;20
101300;Valentina;Vinnie;COCONUT_COUPON;SEASHELLS;600.0;14
101500;Vladimir;Ruby;COCONUT_COUPON;SEASHELLS;602.0;14
101500;Valentina;Rhianna;COCONUT_COUPON;SEASHELLS;602.0;10
101500;Valentina;Ruby;COCONUT_COUPON;SEASHELLS;602.0;5
102400;Valentina;Vinnie;COCONUT_COUPON;SEASHELLS;601.0;15
102400;Vladimir;Vinnie;COCONUT_COUPON;SEASHELLS;601.0;5
102400;Raj;Vinnie;COCONUT;SEASHELLS;9958.0;8
102800;Vinnie;Vinnie;COCONUT;SEASHELLS;9955.0;6
103200;Vinnie;Vinnie;COCONUT;SEASHELLS;9957.0;5
103400;Valentina;Vinnie;COCONUT_COUPON;SEASHELLS;603.0;11
103500;Vinnie;Vinnie;COCONUT;SEASHELLS;9956.0;5
103600;Valentina;Vinnie;COCONUT_COUPON;SEASHELLS;601.0;13
105000;Ruby;Valentina;COCONUT_COUPON;SEASHELLS;612.0;15
106000;Vinnie;Vinnie;COCONUT;SEASHELLS;9953.0;9
106100;Vinnie;Vinnie;COCONUT;SEASHELLS;9953.0;8
107200;Vinnie;Vinnie;COCONUT;SEASHELLS;9951.0;8
107500;Raj;Vinnie;COCONUT;SEASHELLS;9952.0;6
108500;Vinnie;Raj;COCONUT;SEASHELLS;9948.0;5
108500;Valentina;Ruby;COCONUT_COUPON;SEASHELLS;607.0;11
108900;Valentina;Vinnie;COCONUT_COUPON;SEASHELLS;609.0;18
109200;Valentina;Rhianna;COCONUT_COUPON;SEASHELLS;611.0;13
112500;Valentina;Vinnie;COCONUT_COUPON;SEASHELLS;619.0;16
112800;Vinnie;Vinnie;COCONUT;SEASHELLS;9966.0;9
113500;Valentina;Vinnie;COCONUT_COUPON;SEASHELLS;619.0;14
113700;Ruby;Valentina;COCONUT_COUPON;SEASHELLS;617.0;10
114200;Vinnie;Vinnie;COCONUT;SEASHELLS;9958.0;9
114800;Valentina;Ruby;COCONUT_COUPON;SEASHELLS;610.0;13
116700;Valentina;Ruby;COCONUT_COUPON;SEASHELLS;612.0;14
117000;Vinnie;Vinnie;COCONUT;SEASHELLS;9950.0;10
117700;Valentina;Vinnie;COCONUT_COUPON;SEASHELLS;613.0;13
118100;Vinnie;Vinnie;COCONUT;SEASHELLS;9948.0;5
118600;Vinnie;Rhianna;COCONUT;SEASHELLS;9949.0;3
118900;Vinnie;Vinnie;COCONUT;SEASHELLS;9950.0;6
121900;Valentina;Vinnie;COCONUT_COUPON;SEASHELLS;617.0;12
122700;Valentina;Vinnie;COCONUT_COUPON;SEASHELLS;613.0;17
123200;Valentina;Vinnie;COCONUT_COUPON;SEASHELLS;613.0;17
124800;Ruby;Valentina;COCONUT_COUPON;SEASHELLS;622.0;20
124800;Valentina;Vinnie;COCONUT_COUPON;SEASHELLS;621.0;11
125200;Vinnie;Vinnie;COCONUT;SEASHELLS;9956.0;8
125600;Vinnie;Vinnie;COCONUT;SEASHELLS;9955.0;9
125600;Rhianna;Vinnie;COCONUT;SEASHELLS;9956.0;3
126100;Valentina;Rhianna;COCONUT_COUPON;SEASHELLS;620.0;10
127100;Raj;Vinnie;COCONUT;SEASHELLS;9958.0;6
128300;Vinnie;Vinnie;COCONUT;SEASHELLS;9958.0;8
128500;Vinnie;Raj;COCONUT;SEASHELLS;9956.0;8
130400;Valentina;Vinnie;COCONUT_COUPON;SEASHELLS;622.0;20
131200;Vinnie;Vinnie;COCONUT;SEASHELLS;9956.0;5
132300;Valentina;Valentina;COCONUT_COUPON;SEASHELLS;617.0;8
133500;Valentina;Rhianna;COCONUT_COUPON;SEASHELLS;618.0;7
134100;Vinnie;Vinnie;COCONUT;SEASHELLS;9962.0;5
135100;Valentina;Ruby;COCONUT_COUPON;SEASHELLS;620.0;13
135100;Valentina;Rhianna;COCONUT_COUPON;SEASHELLS;620.0;6
135700;Valentina;Vinnie;COCONUT_COUPON;SEASHELLS;621.0;10
136000;Vinnie;Raj;COCONUT;SEASHELLS;9970.0;9
136100;Valentina;Vinnie;COCONUT_COUPON;SEASHELLS;623.0;10
137800;Ruby;Valentina;COCONUT_COUPON;SEASHELLS;615.0;16
139700;Valentina;Ruby;COCONUT_COUPON;SEASHELLS;615.0;12
139900;Valentina;Rhianna;COCONUT_COUPON;SEASHELLS;616.0;7
140500;Vinnie;Vinnie;COCONUT;SEASHELLS;9961.0;7
140900;Vinnie;Vinnie;COCONUT;SEASHELLS;9963.0;8
141200;Valentina;Ruby;COCONUT_COUPON;SEASHELLS;615.0;17
142500;Raj;Vinnie;COCONUT;SEASHELLS;9962.0;10
143500;Raj;Vinnie;COCONUT;SEASHELLS;9960.0;9
143600;Valentina;Rhianna;COCONUT_COUPON;SEASHELLS;613.0;6
144300;Valentina;Vinnie;COCONUT_COUPON;SEASHELLS;613.0;10
145400;Valentina;Vinnie;COCONUT_COUPON;SEASHELLS;611.0;17
145400;Vladimir;Vinnie;COCONUT_COUPON;SEASHELLS;611.0;2
146900;Vinnie;Vinnie;COCONUT;SEASHELLS;9959.0;9
147500;Vinnie;Raj;COCONUT;SEASHELLS;9959.0;8
148900;Vinnie;Vinnie;COCONUT;SEASHELLS;9958.0;10
149800;Vinnie;Vinnie;COCONUT;SEASHELLS;9957.0;10
150500;Vinnie;Rhianna;COCONUT;SEASHELLS;9958.0;1
151400;Valentina;Rhianna;COCONUT_COUPON;SEASHELLS;613.0;11
152600;Valentina;Vinnie;COCONUT_COUPON;SEASHELLS;608.0;10
153600;Ruby;Valentina;COCONUT_COUPON;SEASHELLS;608.0;13
153700;Valentina;Vinnie;COCONUT_COUPON;SEASHELLS;608.0;18
153800;Valentina;Vinnie;COCONUT_COUPON;SEASHELLS;609.0;19
154100;Vinnie;Rhianna;COCONUT;SEASHELLS;9963.0;3
154200;Vinnie;Raj;COCONUT;SEASHELLS;9964.0;8
156100;Rhianna;Vinnie;COCONUT;SEASHELLS;9968.0;1
156900;Valentina;Valentina;COCONUT_COUPON;SEASHELLS;607.0;5
157900;Vinnie;Vinnie;COCONUT;SEASHELLS;9973.0;5
158300;Valentina;Vinnie;COCONUT_COUPON;SEASHELLS;605.0;15
158500;Valentina;Vinnie;COCONUT_COUPON;SEASHELLS;603.0;15
159900;Ruby;Valentina;COCONUT_COUPON;SEASHELLS;601.0;10
159900;Vinnie;Vinnie;COCONUT;SEASHELLS;9971.0;8
160600;Vinnie;Vinnie;COCONUT_COUPON;SEASHELLS;602.0;2
160600;Vladimir;Vinnie;COCONUT_COUPON;SEASHELLS;602.0;15
160600;Vladimir;Vinnie;COCONUT_COUPON;SEASHELLS;602.0;3
162300;Vinnie;Ruby;COCONUT_COUPON;SEASHELLS;601.0;2
162300;Valentina;Ruby;COCONUT_COUPON;SEASHELLS;601.0;5
162300;Valentina;Vinnie;COCONUT_COUPON;SEASHELLS;601.0;12
162300;Vladimir;Ruby;COCONUT_COUPON;SEASHELLS;601.0;12
162400;Valentina;Vinnie;COCONUT_COUPON;SEASHELLS;603.0;17
162900;Vinnie;Vinnie;COCONUT;SEASHELLS;9973.0;7
163500;Ruby;Valentina;COCONUT_COUPON;SEASHELLS;605.0;16
165500;Vladimir;Vinnie;COCONUT_COUPON;SEASHELLS;604.0;2
165500;Valentina;Vinnie;COCONUT_COUPON;SEASHELLS;604.0;17
165600;Valentina;Valentina;COCONUT_COUPON;SEASHELLS;605.0;4
165700;Vinnie;Vinnie;COCONUT;SEASHELLS;9979.0;5
165800;Valentina;Vinnie;COCONUT_COUPON;SEASHELLS;605.0;19
166500;Valentina;Vinnie;COCONUT_COUPON;SEASHELLS;603.0;12
166600;Vinnie;Vinnie;COCONUT;SEASHELLS;9977.0;7
166800;Ruby;Valentina;COCONUT_COUPON;SEASHELLS;600.0;15
166800;Valentina;Vinnie;COCONUT_COUPON;SEASHELLS;599.0;12
167500;Valentina;Vinnie;COCONUT_COUPON;SEASHELLS;597.0;13
168200;Vinnie;Vinnie;COCONUT;SEASHELLS;9973.0;9
170900;Valentina;Vinnie;COCONUT_COUPON;SEASHELLS;595.0;10
171000;Valentina;Vinnie;COCONUT_COUPON;SEASHELLS;593.0;12
171100;Vinnie;Raj;COCONUT;SEASHELLS;9972.0;9
171500;Valentina;Vinnie;COCONUT_COUPON;SEASHELLS;593.0;15
172500;Vinnie;Vinnie;COCONUT;SEASHELLS;9975.0;9
172700;Valentina;Vinnie;COCONUT_COUPON;SEASHELLS;591.0;19
172900;Ruby;Valentina;COCONUT_COUPON;SEASHELLS;596.0;20
173800;Valentina;Ruby;COCONUT_COUPON;SEASHELLS;596.0;10
173900;Vinnie;Rhianna;COCONUT;SEASHELLS;9978.0;1
174700;Ruby;Valentina;COCONUT_COUPON;SEASHELLS;600.0;11
174800;Valentina;Valentina;COCONUT_COUPON;SEASHELLS;599.0;8
174900;Vladimir;Ruby;COCONUT_COUPON;SEASHELLS;600.0;10
174900;Valentina;Ruby;COCONUT_COUPON;SEASHELLS;600.0;8
174900;Valentina;Vinnie;COCONUT_COUPON;SEASHELLS;600.0;12
175000;Vinnie;Vinnie;COCONUT;SEASHELLS;9978.0;5
175000;Valentina;Vinnie;COCONUT_COUPON;SEASHELLS;598.0;15
175700;Raj;Vinnie;COCONUT;SEASHELLS;9980.0;8
176400;Valentina;Valentina;COCONUT_COUPON;SEASHELLS;596.0;9
176900;Rhianna;Vinnie;COCONUT;SEASHELLS;9975.0;2
177700;Rhianna;Vinnie;COCONUT;SEASHELLS;9975.0;2
178400;Vinnie;Raj;COCONUT;SEASHELLS;9975.0;10
179100;Valentina;Vinnie;COCONUT_COUPON;SEASHELLS;596.0;17
179100;Vladimir;Vinnie;COCONUT_COUPON;SEASHELLS;596.0;3
179400;Rhianna;Vinnie;COCONUT;SEASHELLS;9976.0;3
179800;Vinnie;Raj;COCONUT;SEASHELLS;9974.0;5
181400;Valentina;Vinnie;COCONUT_COUPON;SEASHELLS;599.0;15
181600;Valentina;Vinnie;COCONUT_COUPON;SEASHELLS;596.0;14
182100;Valentina;Vinnie;COCONUT_COUPON;SEASHELLS;597.0;12
182200;Vinnie;Vinnie;COCONUT;SEASHELLS;9971.0;10
182600;Valentina;Vinnie;COCONUT_COUPON;SEASHELLS;599.0;16
182700;Vinnie;Vinnie;COCONUT;SEASHELLS;9970.0;5
183600;Vinnie;Vinnie;COCONUT;SEASHELLS;9975.0;9
183700;Vinnie;Vinnie;COCONUT;SEASHELLS;9976.0;9
183700;Vinnie;Raj;COCONUT;SEASHELLS;9976.0;8
184700;Vinnie;Vinnie;COCONUT;SEASHELLS;9974.0;10
184900;Valentina;Ruby;COCONUT_COUPON;SEASHELLS;604.0;12
185100;Valentina;Vinnie;COCONUT_COUPON;SEASHELLS;603.0;19
185200;Valentina;Vinnie;COCONUT_COUPON;SEASHELLS;605.0;10
185500;Valentina;Valentina;COCONUT_COUPON;SEASHELLS;604.0;6
185500;Vinnie;Vinnie;COCONUT;SEASHELLS;9971.0;7
185600;Valentina;Rhianna;COCONUT_COUPON;SEASHELLS;604.0;14
188300;Vinnie;Rhianna;COCONUT;SEASHELLS;9976.0;2
188400;Valentina;Vinnie;COCONUT_COUPON;SEASHELLS;598.0;12
188800;Vinnie;Vinnie;COCONUT;SEASHELLS;9978.0;5
189500;Valentina;Rhianna;COCONUT_COUPON;SEASHELLS;596.0;13
189800;Vinnie;Vinnie;COCONUT;SEASHELLS;9975.0;6
190300;Ruby;Valentina;COCONUT_COUPON;SEASHELLS;594.0;19
190700;Valentina;Valentina;COCONUT_COUPON;SEASHELLS;595.0;6
192000;Valentina;Valentina;COCONUT_COUPON;SEASHELLS;600.0;4
193200;Valentina;Rhianna;COCONUT_COUPON;SEASHELLS;607.0;13
193300;Valentina;Vinnie;COCONUT_COUPON;SEASHELLS;609.0;18
194000;Valentina;Rhianna;COCONUT_COUPON;SEASHELLS;610.0;12
194100;Valentina;Vinnie;COCONUT_COUPON;SEASHELLS;611.0;11
195100;Vinnie;Vinnie;COCONUT;SEASHELLS;9978.0;9
197000;Rhianna;Vinnie;COCONUT;SEASHELLS;9974.0;2
197600;Vinnie;Vinnie;COCONUT;SEASHELLS;9973.0;6
198600;Vinnie;Vinnie;COCONUT;SEASHELLS;9976.0;5
200700;Valentina;Vinnie;COCONUT_COUPON;SEASHELLS;616.0;15
201500;Valentina;Vinnie;COCONUT_COUPON;SEASHELLS;615.0;10
204000;Vinnie;Vinnie;COCONUT;SEASHELLS;9975.0;5
205100;Vladimir;Ruby;COCONUT_COUPON;SEASHELLS;611.0;2
205100;Valentina;Ruby;COCONUT_COUPON;SEASHELLS;611.0;18
205500;Valentina;Valentina;COCONUT_COUPON;SEASHELLS;610.0;8
207300;Vinnie;Rhianna;COCONUT;SEASHELLS;9970.0;2
207700;Valentina;Vinnie;COCONUT_COUPON;SEASHELLS;599.0;13
207800;Valentina;Ruby;COCONUT_COUPON;SEASHELLS;600.0;14
207800;Valentina;Rhianna;COCONUT_COUPON;SEASHELLS;600.0;6
208300;Ruby;Valentina;COCONUT_COUPON;SEASHELLS;597.0;17
208600;Ruby;Valentina;COCONUT_COUPON;SEASHELLS;598.0;16
209100;Valentina;Rhianna;COCONUT_COUPON;SEASHELLS;593.0;8
209200;Vinnie;Vinnie;COCONUT;SEASHELLS;9965.0;6
210100;Ruby;Valentina;COCONUT_COUPON;SEASHELLS;592.0;20
210600;Valentina;Vinnie;COCONUT_COUPON;SEASHELLS;590.0;13
211200;Vinnie;Raj;COCONUT;SEASHELLS;9967.0;8
212100;Vinnie;Vinnie;COCONUT;SEASHELLS;9966.0;9
212200;Valentina;Ruby;COCONUT_COUPON;SEASHELLS;592.0;10
212300;Vinnie;Vinnie;COCONUT;SEASHELLS;9966.0;5
212800;Valentina;Rhianna;COCONUT_COUPON;SEASHELLS;589.0;15
214100;Valentina;Valentina;COCONUT_COUPON;SEASHELLS;589.0;6
214300;Valentina;Vinnie;COCONUT_COUPON;SEASHELLS;591.0;18
214700;Raj;Vinnie;COCONUT;SEASHELLS;9964.0;10
214800;Valentina;Vinnie;COCONUT_COUPON;SEASHELLS;592.0;16
214900;Valentina;Valentina;COCONUT_COUPON;SEASHELLS;593.0;8
216100;Valentina;Vinnie;COCONUT_COUPON;SEASHELLS;596.0;19
216200;Valentina;Vinnie;COCONUT_COUPON;SEASHELLS;596.0;17
216200;Vladimir;Vinnie;COCONUT_COUPON;SEASHELLS;596.0;2
216900;Vladimir;Vinnie;COCONUT_COUPON;SEASHELLS;600.0;2
216900;Valentina;Vinnie;COCONUT_COUPON;SEASHELLS;600.0;18
218300;Raj;Vinnie;COCONUT;SEASHELLS;9968.0;7
218800;Vinnie;Vinnie;COCONUT;SEASHELLS;9966.0;5
220600;Valentina;Valentina;COCONUT_COUPON;SEASHELLS;608.0;9
221100;Vinnie;Vinnie;COCONUT;SEASHELLS;9960.0;9
221200;Vinnie;Vinnie;COCONUT;SEASHELLS;9960.0;5
221300;Vinnie;Vinnie;COCONUT;SEASHELLS;9961.0;5
221900;Valentina;Ruby;COCONUT_COUPON;SEASHELLS;608.0;11
222600;Vinnie;Vinnie;COCONUT;SEASHELLS;9962.0;9
223300;Valentina;Valentina;COCONUT_COUPON;SEASHELLS;617.0;4
224100;Vladimir;Vinnie;COCONUT_COUPON;SEASHELLS;614.0;5
224100;Valentina;Vinnie;COCONUT_COUPON;SEASHELLS;614.0;15
224400;Valentina;Vinnie;COCONUT_COUPON;SEASHELLS;616.0;20
225100;Valentina;Vinnie;COCONUT_COUPON;SEASHELLS;613.0;12
226700;Vinnie;Vinnie;COCONUT;SEASHELLS;9957.0;5
226800;Valentina;Vinnie;COCONUT_COUPON;SEASHELLS;610.0;11
228000;Valentina;Rhianna;COCONUT_COUPON;SEASHELLS;612.0;8
228900;Valentina;Ruby;COCONUT_COUPON;SEASHELLS;613.0;15
229000;Valentina;Vinnie;COCONUT_COUPON;SEASHELLS;613.0;13
229400;Vinnie;Vinnie;COCONUT;SEASHELLS;9961.0;10
231300;Valentina;Vinnie;COCONUT_COUPON;SEASHELLS;624.0;10
231900;Valentina;Rhianna;COCONUT_COUPON;SEASHELLS;623.0;13
232000;Valentina;Vinnie;COCONUT_COUPON;SEASHELLS;623.0;14
232700;Raj;Vinnie;COCONUT;SEASHELLS;9959.0;7
232900;Rhianna;Vinnie;COCONUT;SEASHELLS;9958.0;2
234100;Valentina;Vinnie;COCONUT_COUPON;SEASHELLS;627.0;16
234600;Valentina;Vinnie;COCONUT_COUPON;SEASHELLS;619.0;10
234600;Vinnie;Vinnie;COCONUT;SEASHELLS;9957.0;8
234700;Valentina;Vinnie;COCONUT_COUPON;SEASHELLS;620.0;12
235000;Ruby;Valentina;COCONUT_COUPON;SEASHELLS;626.0;14
235100;Valentina;Vinnie;COCONUT_COUPON;SEASHELLS;625.0;10
235300;Valentina;Vinnie;COCONUT_COUPON;SEASHELLS;624.0;10
235400;Vinnie;Vinnie;COCONUT;SEASHELLS;9961.0;5
236600;Valentina;Vinnie;COCONUT_COUPON;SEASHELLS;629.0;14
236800;Valentina;Rhianna;COCONUT_COUPON;SEASHELLS;629.0;5
237200;Valentina;Vinnie;COCONUT_COUPON;SEASHELLS;628.0;13
238400;Valentina;Vinnie;COCONUT_COUPON;SEASHELLS;637.0;11
238800;Valentina;Valentina;COCONUT_COUPON;SEASHELLS;637.0;6
238800;Valentina;Vinnie;COCONUT_COUPON;SEASHELLS;636.0;13
238900;Valentina;Rhianna;COCONUT_COUPON;SEASHELLS;637.0;8
239900;Valentina;Vinnie;COCONUT_COUPON;SEASHELLS;638.0;10
242800;Valentina;Rhianna;COCONUT_COUPON;SEASHELLS;641.0;13
243100;Vinnie;Vinnie;COCONUT;SEASHELLS;9957.0;10
243200;Valentina;Vinnie;COCONUT_COUPON;SEASHELLS;638.0;11
243300;Valentina;Vinnie;COCONUT_COUPON;SEASHELLS;635.0;16
244700;Valentina;Ruby;COCONUT_COUPON;SEASHELLS;634.0;18
246700;Valentina;Ruby;COCONUT_COUPON;SEASHELLS;635.0;17
246700;Vladimir;Ruby;COCONUT_COUPON;SEASHELLS;635.0;2
246800;Valentina;Rhianna;COCONUT_COUPON;SEASHELLS;634.0;5
246900;Vinnie;Vinnie;COCONUT;SEASHELLS;9955.0;7
247500;Rhianna;Vinnie;COCONUT;SEASHELLS;9952.0;1
248300;Valentina;Rhianna;COCONUT_COUPON;SEASHELLS;627.0;8
249100;Vinnie;Vinnie;COCONUT;SEASHELLS;9951.0;9
249200;Vinnie;Vinnie;COCONUT;SEASHELLS;9950.0;7
249500;Valentina;Vinnie;COCONUT_COUPON;SEASHELLS;627.0;14
250000;Raj;Vinnie;COCONUT;SEASHELLS;9951.0;10
250300;Vinnie;Raj;COCONUT;SEASHELLS;9951.0;9
250400;Valentina;Vinnie;COCONUT_COUPON;SEASHELLS;624.0;13
250900;Valentina;Vinnie;COCONUT_COUPON;SEASHELLS;626.0;18
251300;Vladimir;Vinnie;COCONUT_COUPON;SEASHELLS;629.0;2
251300;Valentina;Vinnie;COCONUT_COUPON;SEASHELLS;629.0;15
251400;Vinnie;Vinnie;COCONUT;SEASHELLS;9955.0;7
253300;Vinnie;Raj;COCONUT;SEASHELLS;9955.0;5
254200;Ruby;Valentina;COCONUT_COUPON;SEASHELLS;633.0;15
254500;Vinnie;Vinnie;COCONUT;SEASHELLS;9955.0;10
254900;Vinnie;Vinnie;COCONUT;SEASHELLS;9956.0;5
254900;Ruby;Valentina;COCONUT_COUPON;SEASHELLS;631.0;14
255300;Vinnie;Vinnie;COCONUT;SEASHELLS;9956.0;9
256200;Vladimir;Ruby;COCONUT_COUPON;SEASHELLS;629.0;4
256200;Valentina;Ruby;COCONUT_COUPON;SEASHELLS;629.0;16
256800;Vinnie;Raj;COCONUT;SEASHELLS;9958.0;8
256800;Valentina;Vinnie;COCONUT_COUPON;SEASHELLS;631.0;11
257500;Ruby;Valentina;COCONUT_COUPON;SEASHELLS;629.0;15
257600;Valentina;Vinnie;COCONUT_COUPON;SEASHELLS;627.0;16
257700;Vinnie;Vinnie;COCONUT;SEASHELLS;9959.0;8
258700;Rhianna;Vinnie;COCONUT;SEASHELLS;9963.0;3
258800;Valentina;Valentina;COCONUT_COUPON;SEASHELLS;632.0;4
258900;Rhianna;Vinnie;COCONUT;SEASHELLS;9963.0;1
260900;Vinnie;Vinnie;COCONUT;SEASHELLS;9971.0;8
263300;Valentina;Vinnie;COCONUT_COUPON;SEASHELLS;645.0;19
263700;Valentina;Vinnie;COCONUT_COUPON;SEASHELLS;646.0;15
264400;Valentina;Vinnie;COCONUT_COUPON;SEASHELLS;647.0;12
264500;Valentina;Ruby;COCONUT_COUPON;SEASHELLS;647.0;10
264700;Raj;Vinnie;COCONUT;SEASHELLS;9966.0;6
265500;Valentina;Vinnie;COCONUT_COUPON;SEASHELLS;646.0;12
266100;Valentina;Vinnie;COCONUT_COUPON;SEASHELLS;644.0;13
266200;Vinnie;Vinnie;COCONUT;SEASHELLS;9963.0;5
266900;Rhianna;Vinnie;COCONUT;SEASHELLS;9969.0;3
267200;Raj;Vinnie;COCONUT;SEASHELLS;9970.0;10
268200;Ruby;Valentina;COCONUT_COUPON;SEASHELLS;652.0;15
268400;Valentina;Ruby;COCONUT_COUPON;SEASHELLS;653.0;10
269000;Valentina;Vinnie;COCONUT_COUPON;SEASHELLS;652.0;10
269100;Valentina;Ruby;COCONUT_COUPON;SEASHELLS;651.0;10
269500;Valentina;Vinnie;COCONUT_COUPON;SEASHELLS;651.0;15
269500;Vinnie;Rhianna;COCONUT;SEASHELLS;9977.0;2
270000;Vinnie;Vinnie;COCONUT;SEASHELLS;9975.0;6
270200;Vinnie;Vinnie;COCONUT;SEASHELLS;9975.0;6
270500;Vinnie;Vinnie;COCONUT;SEASHELLS;9973.0;8
271000;Vladimir;Ruby;COCONUT_COUPON;SEASHELLS;653.0;14
271600;Valentina;Ruby;COCONUT_COUPON;SEASHELLS;647.0;13
272800;Valentina;Valentina;COCONUT_COUPON;SEASHELLS;644.0;6
274200;Valentina;Vinnie;COCONUT_COUPON;SEASHELLS;651.0;12
274700;Vinnie;Vinnie;COCONUT;SEASHELLS;9981.0;6
274800;Ruby;Valentina;COCONUT_COUPON;SEASHELLS;649.0;17
275000;Vinnie;Rhianna;COCONUT;SEASHELLS;9980.0;1
275000;Valentina;Vinnie;COCONUT_COUPON;SEASHELLS;645.0;16
276000;Valentina;Vinnie;COCONUT_COUPON;SEASHELLS;650.0;13
276900;Ruby;Valentina;COCONUT_COUPON;SEASHELLS;644.0;13
277000;Valentina;Vinnie;COCONUT_COUPON;SEASHELLS;644.0;13
277100;Valentina;Vinnie;COCONUT_COUPON;SEASHELLS;643.0;13
278100;Valentina;Vinnie;COCONUT_COUPON;SEASHELLS;640.0;18
278500;Ruby;Valentina;COCONUT_COUPON;SEASHELLS;642.0;15
279700;Ruby;Valentina;COCONUT_COUPON;SEASHELLS;645.0;20
280500;Vinnie;Vinnie;COCONUT;SEASHELLS;9991.0;6
282500;Valentina;Valentina;COCONUT_COUPON;SEASHELLS;647.0;6
283000;Vinnie;Rhianna;COCONUT;SEASHELLS;9989.0;3
284800;Valentina;Rhianna;COCONUT_COUPON;SEASHELLS;648.0;11
285000;Vinnie;Vinnie;COCONUT;SEASHELLS;9991.0;8
285700;Valentina;Ruby;COCONUT_COUPON;SEASHELLS;650.0;14
285900;Valentina;Rhianna;COCONUT_COUPON;SEASHELLS;648.0;10
286000;Valentina;Vinnie;COCONUT_COUPON;SEASHELLS;648.0;14
286600;Valentina;Ruby;COCONUT_COUPON;SEASHELLS;651.0;13
287700;Vinnie;Vinnie;COCONUT;SEASHELLS;10001.0;10
287700;Valentina;Ruby;COCONUT_COUPON;SEASHELLS;652.0;17
288000;Valentina;Valentina;COCONUT_COUPON;SEASHELLS;654.0;4
289700;Vinnie;Vinnie;COCONUT;SEASHELLS;10009.0;6
291400;Valentina;Vinnie;COCONUT_COUPON;SEASHELLS;657.0;10
291600;Valentina;Vinnie;COCONUT_COUPON;SEASHELLS;654.0;20
292400;Valentina;Rhianna;COCONUT_COUPON;SEASHELLS;657.0;7
293700;Valentina;Vinnie;COCONUT_COUPON;SEASHELLS;660.0;15
294100;Valentina;Rhianna;COCONUT_COUPON;SEASHELLS;664.0;6
295600;Valentina;Valentina;COCONUT_COUPON;SEASHELLS;663.0;9
296800;Valentina;Valentina;COCONUT_COUPON;SEASHELLS;669.0;7
296900;Valentina;Rhianna;COCONUT_COUPON;SEASHELLS;670.0;11
297200;Ruby;Vinnie;COCONUT_COUPON;SEASHELLS;670.0;2
298100;Valentina;Vinnie;COCONUT_COUPON;SEASHELLS;669.0;20
298700;Vinnie;Vinnie;COCONUT;SEASHELLS;10027.0;9
298900;Valentina;Vinnie;COCONUT_COUPON;SEASHELLS;670.0;15
299000;Rhianna;Vladimir;COCONUT_COUPON;SEASHELLS;668.0;5
299000;Valentina;Valentina;COCONUT_COUPON;SEASHELLS;667.0;9
299900;Valentina;Valentina;COCONUT_COUPON;SEASHELLS;669.0;6
300800;Raj;Vinnie;COCONUT;SEASHELLS;10028.0;9
302100;Vinnie;Vinnie;COCONUT;SEASHELLS;10028.0;5
302600;Raj;Vinnie;COCONUT;SEASHELLS;10033.0;6
302700;Vinnie;Vinnie;COCONUT;SEASHELLS;10033.0;7
302700;Ruby;Valentina;COCONUT_COUPON;SEASHELLS;671.0;11
302800;Valentina;Ruby;COCONUT_COUPON;SEASHELLS;670.0;12
302900;Vinnie;Vinnie;COCONUT;SEASHELLS;10033.0;10
303600;Valentina;Vinnie;COCONUT_COUPON;SEASHELLS;671.0;18
304500;Raj;Vinnie;COCONUT;SEASHELLS;10029.0;7
304600;Valentina;Vinnie;COCONUT_COUPON;SEASHELLS;672.0;14
305500;Valentina;Vinnie;COCONUT_COUPON;SEASHELLS;672.0;11
306000;Valentina;Vinnie;COCONUT_COUPON;SEASHELLS;674.0;10
308200;Valentina;Vinnie;COCONUT_COUPON;SEASHELLS;662.0;19
308600;Valentina;Ruby;COCONUT_COUPON;SEASHELLS;664.0;14
309200;Vinnie;Vinnie;COCONUT;SEASHELLS;10027.0;10
309300;Raj;Vinnie;COCONUT;SEASHELLS;10029.0;7
309500;Vinnie;Vinnie;COCONUT;SEASHELLS;10027.0;8
310600;Valentina;Vinnie;COCONUT_COUPON;SEASHELLS;661.0;13
311000;Vinnie;Rhianna;COCONUT;SEASHELLS;10024.0;1
311000;Vinnie;Vinnie;COCONUT;SEASHELLS;10024.0;6
311100;Vinnie;Raj;COCONUT;SEASHELLS;10023.0;8
311300;Valentina;Vinnie;COCONUT_COUPON;SEASHELLS;658.0;12
313000;Raj;Vinnie;COCONUT;SEASHELLS;10024.0;7
314100;Vinnie;Vinnie;COCONUT;SEASHELLS;10022.0;8
314200;Valentina;Vinnie;COCONUT_COUPON;SEASHELLS;659.0;11
315000;Valentina;Vinnie;COCONUT_COUPON;SEASHELLS;660.0;5
315900;Vinnie;Vinnie;COCONUT;SEASHELLS;10020.0;6
316900;Vinnie;Vinnie;COCONUT;SEASHELLS;10023.0;6
319000;Valentina;Vinnie;COCONUT_COUPON;SEASHELLS;664.0;10
319300;Vinnie;Raj;COCONUT;SEASHELLS;10018.0;8
319400;Ruby;Vladimir;COCONUT_COUPON;SEASHELLS;666.0;3
319400;Ruby;Valentina;COCONUT_COUPON;SEASHELLS;666.0;15
319400;Valentina;Vinnie;COCONUT_COUPON;SEASHELLS;665.0;15
320200;Vinnie;Rhianna;COCONUT;SEASHELLS;10024.0;2
322100;Raj;Vinnie;COCONUT;SEASHELLS;10027.0;6
322600;Vinnie;Vinnie;COCONUT;SEASHELLS;10029.0;6
322700;Valentina;Rhianna;COCONUT_COUPON;SEASHELLS;665.0;11
323200;Rhianna;Vinnie;COCONUT;SEASHELLS;10032.0;1
323300;Vinnie;Vinnie;COCONUT;SEASHELLS;10029.0;8
324000;Vinnie;Vinnie;COCONUT;SEASHELLS;10026.0;6
325100;Vinnie;Vinnie;COCONUT;SEASHELLS;10024.0;9
325800;Valentina;Vinnie;COCONUT_COUPON;SEASHELLS;663.0;18
325900;Valentina;Vinnie;COCONUT_COUPON;SEASHELLS;662.0;15
326700;Vinnie;Vinnie;COCONUT;SEASHELLS;10027.0;7
329300;Vinnie;Raj;COCONUT;SEASHELLS;10038.0;6
329300;Vinnie;Rhianna;COCONUT;SEASHELLS;10038.0;2
329500;Vinnie;Rhianna;COCONUT;SEASHELLS;10038.0;2
329600;Valentina;Vinnie;COCONUT_COUPON;SEASHELLS;671.0;14
330200;Raj;Vinnie;COCONUT;SEASHELLS;10044.0;8
330900;Vinnie;Vinnie;COCONUT;SEASHELLS;10045.0;10
331500;Valentina;Vinnie;COCONUT_COUPON;SEASHELLS;679.0;18
331600;Valentina;Vinnie;COCONUT_COUPON;SEASHELLS;679.0;14
332100;Rhianna;Vinnie;COCONUT;SEASHELLS;10052.0;1
332700;Valentina;Vinnie;COCONUT_COUPON;SEASHELLS;678.0;13
332700;Valentina;Valentina;COCONUT_COUPON;SEASHELLS;678.0;6
332800;Vinnie;Rhianna;COCONUT;SEASHELLS;10050.0;1
332900;Valentina;Valentina;COCONUT_COUPON;SEASHELLS;680.0;4
333300;Ruby;Valentina;COCONUT_COUPON;SEASHELLS;683.0;15
335200;Ruby;Valentina;COCONUT_COUPON;SEASHELLS;677.0;13
335300;Valentina;Vinnie;COCONUT_COUPON;SEASHELLS;677.0;16
335500;Vinnie;Vinnie;COCONUT;SEASHELLS;10040.0;5
335700;Valentina;Vinnie;COCONUT_COUPON;SEASHELLS;675.0;14
336000;Vinnie;Rhianna;COCONUT;SEASHELLS;10040.0;3
336200;Vinnie;Vinnie;COCONUT;SEASHELLS;10039.0;7
336300;Valentina;Ruby;COCONUT_COUPON;SEASHELLS;674.0;15
337600;Valentina;Vinnie;COCONUT_COUPON;SEASHELLS;666.0;16
338200;Vinnie;Vinnie;COCONUT;SEASHELLS;10038.0;8
340400;Rhianna;Vinnie;COCONUT;SEASHELLS;10041.0;1
340500;Valentina;Vinnie;COCONUT_COUPON;SEASHELLS;666.0;19
340800;Valentina;Vinnie;COCONUT_COUPON;SEASHELLS;666.0;18
341000;Vinnie;Vinnie;COCONUT;SEASHELLS;10041.0;6
341100;Valentina;Ruby;COCONUT_COUPON;SEASHELLS;664.0;18
341100;Vladimir;Ruby;COCONUT_COUPON;SEASHELLS;664.0;2
341800;Rhianna;Vinnie;COCONUT_COUPON;SEASHELLS;663.0;1
341900;Vinnie;Vinnie;COCONUT;SEASHELLS;10043.0;6
342200;Valentina;Vinnie;COCONUT_COUPON;SEASHELLS;662.0;15
343400;Vinnie;Vinnie;COCONUT;SEASHELLS;10042.0;5
343900;Ruby;Valentina;COCONUT_COUPON;SEASHELLS;659.0;12
344200;Vinnie;Vinnie;COCONUT;SEASHELLS;10037.0;6
344700;Valentina;Rhianna;COCONUT_COUPON;SEASHELLS;657.0;9
345600;Valentina;Rhianna;COCONUT_COUPON;SEASHELLS;654.0;14
346300;Valentina;Vinnie;COCONUT_COUPON;SEASHELLS;659.0;15
346700;Valentina;Rhianna;COCONUT_COUPON;SEASHELLS;660.0;6
346700;Raj;Vinnie;COCONUT;SEASHELLS;10043.0;9
347300;Rhianna;Vinnie;COCONUT;SEASHELLS;10041.0;2
349100;Valentina;Vinnie;COCONUT_COUPON;SEASHELLS;653.0;19
350700;Raj;Vinnie;COCONUT;SEASHELLS;10039.0;10
350800;Valentina;Valentina;COCONUT_COUPON;SEASHELLS;653.0;6
351600;Ruby;Vladimir;COCONUT_COUPON;SEASHELLS;661.0;2
351600;Ruby;Valentina;COCONUT_COUPON;SEASHELLS;661.0;17
352100;Valentina;Vinnie;COCONUT_COUPON;SEASHELLS;664.0;12
352200;Vinnie;Rhianna;COCONUT;SEASHELLS;10043.0;1
352200;Valentina;Vinnie;COCONUT_COUPON;SEASHELLS;664.0;16
352200;Vinnie;Vinnie;COCONUT;SEASHELLS;10043.0;7
352800;Valentina;Vinnie;COCONUT_COUPON;SEASHELLS;667.0;16
352800;Valentina;Ruby;COCONUT_COUPON;SEASHELLS;667.0;10
352800;Vladimir;Ruby;COCONUT_COUPON;SEASHELLS;667.0;9
354100;Valentina;Vinnie;COCONUT_COUPON;SEASHELLS;664.0;11
354200;Vinnie;Vinnie;COCONUT;SEASHELLS;10043.0;9
354800;Valentina;Rhianna;COCONUT_COUPON;SEASHELLS;664.0;15
355400;Valentina;Ruby;COCONUT_COUPON;SEASHELLS;659.0;13
356300;Valentina;Ruby;COCONUT_COUPON;SEASHELLS;667.0;12
357300;Valentina;Vinnie;COCONUT_COUPON;SEASHELLS;664.0;11
357400;Vinnie;Vinnie;COCONUT;SEASHELLS;10041.0;6
357500;Valentina;Vinnie;COCONUT_COUPON;SEASHELLS;666.0;14
357800;Raj;Vinnie;COCONUT;SEASHELLS;10041.0;8
357900;Valentina;Rhianna;COCONUT_COUPON;SEASHELLS;671.0;11
358700;Vinnie;Vinnie;COCONUT;SEASHELLS;10040.0;10
359400;Valentina;Ruby;COCONUT_COUPON;SEASHELLS;676.0;11
359700;Vinnie;Raj;COCONUT;SEASHELLS;10041.0;10
359700;Valentina;Vinnie;COCONUT_COUPON;SEASHELLS;676.0;10
359900;Vinnie;Vinnie;COCONUT;SEASHELLS;10039.0;9
360000;Vinnie;Vinnie;COCONUT;SEASHELLS;10038.0;9
360200;Valentina;Vinnie;COCONUT_COUPON;SEASHELLS;671.0;17
360800;Vinnie;Rhianna;COCONUT;SEASHELLS;10039.0;2
362300;Vinnie;Rhianna;COCONUT;SEASHELLS;10044.0;3
362700;Vladimir;Vinnie;COCONUT_COUPON;SEASHELLS;676.0;4
362700;Valentina;Vinnie;COCONUT_COUPON;SEASHELLS;676.0;15
363800;Valentina;Valentina;COCONUT_COUPON;SEASHELLS;678.0;9
364000;Valentina;Vinnie;COCONUT_COUPON;SEASHELLS;682.0;20
364100;Valentina;Vinnie;COCONUT_COUPON;SEASHELLS;683.0;20
365200;Valentina;Ruby;COCONUT_COUPON;SEASHELLS;681.0;15
365400;Ruby;Valentina;COCONUT_COUPON;SEASHELLS;680.0;15
365400;Vinnie;Vinnie;COCONUT;SEASHELLS;10049.0;10
366400;Vinnie;Vinnie;COCONUT;SEASHELLS;10050.0;8
367100;Vinnie;Vinnie;COCONUT;SEASHELLS;10054.0;10
367300;Valentina;Vinnie;COCONUT_COUPON;SEASHELLS;681.0;15
367300;Vladimir;Vinnie;COCONUT_COUPON;SEASHELLS;681.0;3
367400;Vinnie;Raj;COCONUT;SEASHELLS;10053.0;9
367600;Vinnie;Raj;COCONUT;SEASHELLS;10055.0;10
370100;Valentina;Rhianna;COCONUT_COUPON;SEASHELLS;674.0;9
371100;Rhianna;Vinnie;COCONUT;SEASHELLS;10056.0;1
371800;Vladimir;Vinnie;COCONUT_COUPON;SEASHELLS;682.0;1
371800;Valentina;Vinnie;COCONUT_COUPON;SEASHELLS;682.0;17
372000;Valentina;Vinnie;COCONUT_COUPON;SEASHELLS;681.0;13
372200;Raj;Vinnie;COCONUT;SEASHELLS;10059.0;7
373700;Valentina;Valentina;COCONUT_COUPON;SEASHELLS;674.0;8
373800;Valentina;Vinnie;COCONUT_COUPON;SEASHELLS;673.0;14
375000;Rhianna;Vinnie;COCONUT;SEASHELLS;10060.0;3
375200;Raj;Vinnie;COCONUT;SEASHELLS;10058.0;8
377400;Vladimir;Vinnie;COCONUT_COUPON;SEASHELLS;671.0;13
378000;Vinnie;Vinnie;COCONUT;SEASHELLS;10059.0;5
378200;Raj;Vinnie;COCONUT;SEASHELLS;10060.0;7
378600;Vinnie;Vinnie;COCONUT;SEASHELLS;10059.0;9
378900;Vladimir;Vinnie;COCONUT_COUPON;SEASHELLS;670.0;14
379500;Ruby;Valentina;COCONUT_COUPON;SEASHELLS;668.0;13
379600;Vinnie;Vinnie;COCONUT;SEASHELLS;10056.0;9
380500;Valentina;Ruby;COCONUT_COUPON;SEASHELLS;667.0;13
381000;Ruby;Valentina;COCONUT_COUPON;SEASHELLS;671.0;18
382100;Valentina;Vinnie;COCONUT_COUPON;SEASHELLS;672.0;12
383000;Valentina;Vinnie;COCONUT_COUPON;SEASHELLS;671.0;17
385000;Valentina;Vinnie;COCONUT_COUPON;SEASHELLS;671.0;14
385100;Valentina;Vinnie;COCONUT_COUPON;SEASHELLS;672.0;19
386100;Vinnie;Vinnie;COCONUT;SEASHELLS;10063.0;9
387100;Raj;Vinnie;COCONUT;SEASHELLS;10068.0;7
388700;Vinnie;Vinnie;COCONUT;SEASHELLS;10061.0;9
389200;Vinnie;Vinnie;COCONUT;SEASHELLS;10062.0;8
389900;Valentina;Vinnie;COCONUT_COUPON;SEASHELLS;680.0;13
390000;Vinnie;Vinnie;COCONUT;SEASHELLS;10061.0;9
390900;Vinnie;Vinnie;COCONUT;SEASHELLS;10062.0;7
391600;Valentina;Vinnie;COCONUT_COUPON;SEASHELLS;681.0;10
391600;Valentina;Ruby;COCONUT_COUPON;SEASHELLS;681.0;15
392000;Valentina;Vinnie;COCONUT_COUPON;SEASHELLS;680.0;13
392300;Valentina;Vinnie;COCONUT_COUPON;SEASHELLS;679.0;19
393100;Valentina;Vinnie;COCONUT_COUPON;SEASHELLS;677.0;15
394000;Valentina;Vinnie;COCONUT_COUPON;SEASHELLS;684.0;13
394500;Vinnie;Vinnie;COCONUT;SEASHELLS;10062.0;10
395200;Vinnie;Vinnie;COCONUT;SEASHELLS;10061.0;6
395400;Vinnie;Rhianna;COCONUT;SEASHELLS;10059.0;3
395600;Vinnie;Vinnie;COCONUT;SEASHELLS;10060.0;8
395600;Valentina;Valentina;COCONUT_COUPON;SEASHELLS;682.0;8
396000;Vinnie;Vinnie;COCONUT;SEASHELLS;10063.0;9
396100;Valentina;Vinnie;COCONUT_COUPON;SEASHELLS;686.0;20
396800;Valentina;Vinnie;COCONUT_COUPON;SEASHELLS;683.0;17
397100;Ruby;Valentina;COCONUT_COUPON;SEASHELLS;682.0;10
398400;Valentina;Valentina;COCONUT_COUPON;SEASHELLS;683.0;5
398400;Valentina;Vinnie;COCONUT_COUPON;SEASHELLS;683.0;10
398800;Valentina;Rhianna;COCONUT_COUPON;SEASHELLS;680.0;14
399100;Valentina;Vinnie;COCONUT_COUPON;SEASHELLS;686.0;10
401400;Vinnie;Rhianna;COCONUT;SEASHELLS;10047.0;2
401900;Ruby;Valentina;COCONUT_COUPON;SEASHELLS;669.0;19
401900;Vinnie;Vinnie;COCONUT;SEASHELLS;10043.0;9
402100;Valentina;Vinnie;COCONUT_COUPON;SEASHELLS;669.0;10
402800;Raj;Vinnie;COCONUT;SEASHELLS;10043.0;6
404100;Valentina;Vinnie;COCONUT_COUPON;SEASHELLS;670.0;19
404200;Valentina;Valentina;COCONUT_COUPON;SEASHELLS;670.0;5
404300;Vinnie;Rhianna;COCONUT;SEASHELLS;10036.0;1
405600;Valentina;Vinnie;COCONUT_COUPON;SEASHELLS;665.0;19
405900;Rhianna;Vinnie;COCONUT;SEASHELLS;10029.0;1
406200;Rhianna;Vinnie;COCONUT_COUPON;SEASHELLS;664.0;14
406200;Vladimir;Vinnie;COCONUT_COUPON;SEASHELLS;664.0;2
406300;Vinnie;Vinnie;COCONUT;SEASHELLS;10030.0;9
408000;Valentina;Vinnie;COCONUT_COUPON;SEASHELLS;664.0;20
408200;Raj;Vinnie;COCONUT;SEASHELLS;10028.0;10
408300;Vinnie;Vinnie;COCONUT;SEASHELLS;10026.0;5
408800;Valentina;Vinnie;COCONUT_COUPON;SEASHELLS;665.0;12
409100;Valentina;Ruby;COCONUT_COUPON;SEASHELLS;668.0;11
409600;Ruby;Valentina;COCONUT_COUPON;SEASHELLS;668.0;14
409600;Valentina;Vinnie;COCONUT_COUPON;SEASHELLS;667.0;18
409700;Vinnie;Vinnie;COCONUT;SEASHELLS;10021.0;10
409900;Vinnie;Vinnie;COCONUT;SEASHELLS;10020.0;6
410000;Vinnie;Vinnie;COCONUT;SEASHELLS;10021.0;6
410800;Vinnie;Vinnie;COCONUT;SEASHELLS;10023.0;7
411500;Valentina;Vinnie;COCONUT_COUPON;SEASHELLS;673.0;16
412400;Valentina;Ruby;COCONUT_COUPON;SEASHELLS;670.0;16
412400;Vladimir;Ruby;COCONUT_COUPON;SEASHELLS;670.0;1
412700;Valentina;Valentina;COCONUT_COUPON;SEASHELLS;667.0;7
413400;Valentina;Vinnie;COCONUT_COUPON;SEASHELLS;669.0;18
413400;Vladimir;Vinnie;COCONUT_COUPON;SEASHELLS;669.0;2
414400;Valentina;Vinnie;COCONUT_COUPON;SEASHELLS;671.0;14
414600;Valentina;Rhianna;COCONUT_COUPON;SEASHELLS;670.0;10
414900;Valentina;Rhianna;COCONUT_COUPON;SEASHELLS;669.0;5
415100;Valentina;Ruby;COCONUT_COUPON;SEASHELLS;669.0;19
415500;Vinnie;Vinnie;COCONUT;SEASHELLS;10029.0;10
416500;Rhianna;Vinnie;COCONUT;SEASHELLS;10026.0;1
416600;Vinnie;Vinnie;COCONUT;SEASHELLS;10025.0;7
416800;Valentina;Ruby;COCONUT_COUPON;SEASHELLS;665.0;13
417200;Vinnie;Vinnie;COCONUT;SEASHELLS;10018.0;6
419000;Valentina;Vinnie;COCONUT_COUPON;SEASHELLS;670.0;16
419000;Vladimir;Vinnie;COCONUT_COUPON;SEASHELLS;670.0;2
422500;Valentina;Valentina;COCONUT_COUPON;SEASHELLS;676.0;4
423100;Vinnie;Vinnie;COCONUT;SEASHELLS;10028.0;7
423200;Raj;Vinnie;COCONUT;SEASHELLS;10030.0;9
423300;Valentina;Vinnie;COCONUT_COUPON;SEASHELLS;676.0;13
423400;Valentina;Vinnie;COCONUT_COUPON;SEASHELLS;675.0;12
423700;Rhianna;Vinnie;COCONUT;SEASHELLS;10028.0;1
424200;Rhianna;Vinnie;COCONUT;SEASHELLS;10028.0;2
424200;Valentina;Rhianna;COCONUT_COUPON;SEASHELLS;676.0;11
425500;Valentina;Vinnie;COCONUT_COUPON;SEASHELLS;675.0;10
425600;Vinnie;Vinnie;COCONUT;SEASHELLS;10024.0;5
426400;Valentina;Rhianna;COCONUT_COUPON;SEASHELLS;680.0;13
426700;Vinnie;Vinnie;COCONUT;SEASHELLS;10030.0;8
427200;Valentina;Vinnie;COCONUT_COUPON;SEASHELLS;677.0;18
427600;Ruby;Valentina;COCONUT_COUPON;SEASHELLS;680.0;10
428100;Raj;Vinnie;COCONUT;SEASHELLS;10034.0;6
428600;Valentina;Vinnie;COCONUT_COUPON;SEASHELLS;677.0;15
430300;Vinnie;Vinnie;COCONUT;SEASHELLS;10041.0;9
431700;Valentina;Rhianna;COCONUT_COUPON;SEASHELLS;686.0;15
431900;Vinnie;Vinnie;COCONUT;SEASHELLS;10045.0;8
433200;Valentina;Vinnie;COCONUT_COUPON;SEASHELLS;679.0;11
433400;Vinnie;Raj;COCONUT;SEASHELLS;10042.0;10
433500;Ruby;Valentina;COCONUT_COUPON;SEASHELLS;682.0;19
433900;Raj;Vinnie;COCONUT;SEASHELLS;10044.0;5
434200;Vinnie;Raj;COCONUT;SEASHELLS;10044.0;8
434300;Vinnie;Vinnie;COCONUT;SEASHELLS;10045.0;10
434700;Ruby;Valentina;COCONUT_COUPON;SEASHELLS;683.0;16
436800;Rhianna;Vinnie;COCONUT;SEASHELLS;10048.0;1
437100;Valentina;Vinnie;COCONUT_COUPON;SEASHELLS;691.0;16
438400;Vladimir;Ruby;COCONUT_COUPON;SEASHELLS;690.0;1
438400;Valentina;Ruby;COCONUT_COUPON;SEASHELLS;690.0;16
438500;Valentina;Vinnie;COCONUT_COUPON;SEASHELLS;689.0;19
438600;Vinnie;Vinnie;COCONUT;SEASHELLS;10055.0;7
439900;Valentina;Vinnie;COCONUT_COUPON;SEASHELLS;693.0;17
440200;Vinnie;Vinnie;COCONUT;SEASHELLS;10058.0;9
441000;Vladimir;Vinnie;COCONUT_COUPON;SEASHELLS;689.0;10
441500;Valentina;Valentina;COCONUT_COUPON;SEASHELLS;686.0;7
442100;Valentina;Vinnie;COCONUT_COUPON;SEASHELLS;681.0;11
442300;Vinnie;Vinnie;COCONUT;SEASHELLS;10055.0;10
443900;Vinnie;Vinnie;COCONUT;SEASHELLS;10056.0;7
444000;Valentina;Vinnie;COCONUT_COUPON;SEASHELLS;682.0;17
444400;Vinnie;Vinnie;COCONUT;SEASHELLS;10054.0;8
444400;Valentina;Rhianna;COCONUT_COUPON;SEASHELLS;682.0;10
444700;Valentina;Valentina;COCONUT_COUPON;SEASHELLS;684.0;4
444700;Vinnie;Vinnie;COCONUT;SEASHELLS;10054.0;5
445400;Valentina;Vinnie;COCONUT_COUPON;SEASHELLS;680.0;18
445800;Valentina;Ruby;COCONUT_COUPON;SEASHELLS;680.0;19
447600;Rhianna;Vinnie;COCONUT;SEASHELLS;10052.0;1
448400;Valentina;Rhianna;COCONUT_COUPON;SEASHELLS;676.0;6
449500;Valentina;Ruby;COCONUT_COUPON;SEASHELLS;676.0;19
450000;Valentina;Vinnie;COCONUT_COUPON;SEASHELLS;672.0;19
450400;Valentina;Ruby;COCONUT_COUPON;SEASHELLS;672.0;11
450600;Valentina;Vinnie;COCONUT_COUPON;SEASHELLS;673.0;10
451400;Valentina;Ruby;COCONUT_COUPON;SEASHELLS;678.0;13
451500;Valentina;Rhianna;COCONUT_COUPON;SEASHELLS;677.0;6
452100;Valentina;Vinnie;COCONUT_COUPON;SEASHELLS;675.0;11
452200;Valentina;Vinnie;COCONUT_COUPON;SEASHELLS;677.0;20
452200;Ruby;Valentina;COCONUT_COUPON;SEASHELLS;678.0;20
452300;Valentina;Vinnie;COCONUT_COUPON;SEASHELLS;676.0;15
452300;Vinnie;Vinnie;COCONUT;SEASHELLS;10056.0;6
453300;Ruby;Valentina;COCONUT_COUPON;SEASHELLS;680.0;19
454200;Vinnie;Vinnie;COCONUT;SEASHELLS;10065.0;9
454300;Valentina;Valentina;COCONUT_COUPON;SEASHELLS;683.0;4
454300;Valentina;Ruby;COCONUT_COUPON;SEASHELLS;683.0;11
455000;Vinnie;Rhianna;COCONUT;SEASHELLS;10064.0;3
455200;Valentina;Valentina;COCONUT_COUPON;SEASHELLS;681.0;7
456500;Vinnie;Raj;COCONUT;SEASHELLS;10061.0;10
457400;Vinnie;Vinnie;COCONUT;SEASHELLS;10061.0;5
457700;Valentina;Vinnie;COCONUT_COUPON;SEASHELLS;683.0;18
458400;Valentina;Valentina;COCONUT_COUPON;SEASHELLS;687.0;5
459000;Vinnie;Vinnie;COCONUT;SEASHELLS;10063.0;9
460500;Valentina;Vinnie;COCONUT_COUPON;SEASHELLS;683.0;18
461300;Vladimir;Vinnie;COCONUT_COUPON;SEASHELLS;691.0;2
461300;Valentina;Vinnie;COCONUT_COUPON;SEASHELLS;691.0;16
461800;Vinnie;Rhianna;COCONUT;SEASHELLS;10059.0;1
462200;Valentina;Vinnie;COCONUT_COUPON;SEASHELLS;683.0;13
462200;Vinnie;Rhianna;COCONUT;SEASHELLS;10058.0;3
462200;Ruby;Valentina;COCONUT_COUPON;SEASHELLS;684.0;17
463500;Valentina;Vinnie;COCONUT_COUPON;SEASHELLS;682.0;10
463500;Vinnie;Vinnie;COCONUT;SEASHELLS;10056.0;8
463700;Ruby;Valentina;COCONUT_COUPON;SEASHELLS;683.0;19
464100;Vinnie;Vinnie;COCONUT;SEASHELLS;10057.0;7
464400;Vinnie;Vinnie;COCONUT;SEASHELLS;10057.0;6
465200;Valentina;Vinnie;COCONUT_COUPON;SEASHELLS;684.0;15
465300;Ruby;Valentina;COCONUT_COUPON;SEASHELLS;686.0;17
465900;Ruby;Valentina;COCONUT_COUPON;SEASHELLS;685.0;16
466100;Raj;Vinnie;COCONUT;SEASHELLS;10057.0;10
466400;Valentina;Vinnie;COCONUT_COUPON;SEASHELLS;679.0;12
466500;Ruby;Valentina;COCONUT_COUPON;SEASHELLS;681.0;14
467300;Valentina;Rhianna;COCONUT_COUPON;SEASHELLS;677.0;8
467400;Valentina;Vinnie;COCONUT_COUPON;SEASHELLS;676.0;14
467600;Valentina;Rhianna;COCONUT_COUPON;SEASHELLS;677.0;7
468000;Vinnie;Rhianna;COCONUT;SEASHELLS;10055.0;1
468300;Valentina;Vinnie;COCONUT_COUPON;SEASHELLS;673.0;17
468800;Rhianna;Vinnie;COCONUT;SEASHELLS;10055.0;1
468900;Vinnie;Vinnie;COCONUT;SEASHELLS;10052.0;5
470900;Ruby;Valentina;COCONUT_COUPON;SEASHELLS;664.0;17
471400;Vinnie;Vinnie;COCONUT;SEASHELLS;10051.0;9
471900;Valentina;Vinnie;COCONUT_COUPON;SEASHELLS;668.0;15
472200;Valentina;Valentina;COCONUT_COUPON;SEASHELLS;669.0;4
472500;Valentina;Vinnie;COCONUT_COUPON;SEASHELLS;666.0;15
472500;Vladimir;Vinnie;COCONUT_COUPON;SEASHELLS;666.0;1
474300;Valentina;Rhianna;COCONUT_COUPON;SEASHELLS;667.0;13
476200;Vinnie;Vinnie;COCONUT;SEASHELLS;10048.0;7
476600;Valentina;Vinnie;COCONUT_COUPON;SEASHELLS;658.0;13
476600;Ruby;Valentina;COCONUT_COUPON;SEASHELLS;659.0;17
477700;Vinnie;Vinnie;COCONUT;SEASHELLS;10038.0;7
478100;Vinnie;Vinnie;COCONUT;SEASHELLS;10036.0;8
478500;Vinnie;Vinnie;COCONUT;SEASHELLS;10035.0;8
478800;Ruby;Valentina;COCONUT_COUPON;SEASHELLS;657.0;18
478800;Ruby;Vladimir;COCONUT_COUPON;SEASHELLS;657.0;2
478900;Valentina;Vinnie;COCONUT_COUPON;SEASHELLS;657.0;16
479200;Vinnie;Vinnie;COCONUT;SEASHELLS;10036.0;5
480400;Valentina;Vinnie;COCONUT_COUPON;SEASHELLS;665.0;16
480600;Vinnie;Vinnie;COCONUT;SEASHELLS;10040.0;5
481000;Valentina;Vinnie;COCONUT_COUPON;SEASHELLS;662.0;10
481100;Vinnie;Valentina;COCONUT_COUPON;SEASHELLS;662.0;9
481500;Vinnie;Raj;COCONUT;SEASHELLS;10034.0;9
482200;Vinnie;Vinnie;COCONUT;SEASHELLS;10033.0;10
482900;Valentina;Vinnie;COCONUT_COUPON;SEASHELLS;662.0;17
483500;Vinnie;Raj;COCONUT;SEASHELLS;10029.0;5
483500;Valentina;Vinnie;COCONUT_COUPON;SEASHELLS;662.0;13
484200;Valentina;Vinnie;COCONUT_COUPON;SEASHELLS;663.0;14
485500;Valentina;Ruby;COCONUT_COUPON;SEASHELLS;664.0;13
485600;Valentina;Ruby;COCONUT_COUPON;SEASHELLS;663.0;12
485800;Ruby;Valentina;COCONUT_COUPON;SEASHELLS;663.0;12
486800;Vinnie;Raj;COCONUT;SEASHELLS;10031.0;7
486900;Vinnie;Vinnie;COCONUT;SEASHELLS;10031.0;5
488000;Rhianna;Vinnie;COCONUT;SEASHELLS;10031.0;2
489800;Valentina;Ruby;COCONUT_COUPON;SEASHELLS;665.0;18
490200;Vinnie;Vinnie;COCONUT;SEASHELLS;10033.0;10
493800;Vinnie;Vinnie;COCONUT;SEASHELLS;10041.0;7
494600;Valentina;Vinnie;COCONUT_COUPON;SEASHELLS;657.0;10
498500;Valentina;Vinnie;COCONUT_COUPON;SEASHELLS;669.0;14
498800;Vinnie;Vinnie;COCONUT;SEASHELLS;10037.0;7
499300;Vinnie;Rhianna;COCONUT;SEASHELLS;10039.0;2
499900;Valentina;Vinnie;COCONUT_COUPON;SEASHELLS;670.0;19
500400;Vinnie;Rhianna;COCONUT;SEASHELLS;10041.0;1
501100;Vinnie;Rhianna;COCONUT;SEASHELLS;10042.0;1
501400;Vinnie;Vinnie;COCONUT;SEASHELLS;10043.0;5
502600;Vinnie;Vinnie;COCONUT;SEASHELLS;10042.0;8
503900;Ruby;Valentina;COCONUT_COUPON;SEASHELLS;675.0;20
504000;Valentina;Valentina;COCONUT_COUPON;SEASHELLS;674.0;7
505800;Valentina;Ruby;COCONUT_COUPON;SEASHELLS;672.0;10
506000;Vinnie;Rhianna;COCONUT;SEASHELLS;10039.0;3
506700;Vinnie;Vinnie;COCONUT;SEASHELLS;10035.0;6
507100;Vinnie;Vinnie;COCONUT;SEASHELLS;10033.0;7
507900;Valentina;Vinnie;COCONUT_COUPON;SEASHELLS;666.0;11
508000;Vinnie;Rhianna;COCONUT;SEASHELLS;10036.0;1
508800;Valentina;Vinnie;COCONUT_COUPON;SEASHELLS;667.0;18
509300;Raj;Vinnie;COCONUT;SEASHELLS;10037.0;9
510400;Rhianna;Vinnie;COCONUT;SEASHELLS;10032.0;3
510800;Valentina;Vinnie;COCONUT_COUPON;SEASHELLS;661.0;15
512500;Raj;Vinnie;COCONUT;SEASHELLS;10034.0;7
513700;Ruby;Valentina;COCONUT_COUPON;SEASHELLS;664.0;16
514300;Rhianna;Vinnie;COCONUT;SEASHELLS;10046.0;2
515500;Valentina;Vinnie;COCONUT_COUPON;SEASHELLS;667.0;19
515600;Vladimir;Ruby;COCONUT_COUPON;SEASHELLS;669.0;3
515600;Valentina;Ruby;COCONUT_COUPON;SEASHELLS;669.0;16
518100;Valentina;Ruby;COCONUT_COUPON;SEASHELLS;664.0;11
518200;Vinnie;Raj;COCONUT;SEASHELLS;10052.0;10
518800;Valentina;Rhianna;COCONUT_COUPON;SEASHELLS;665.0;8
518900;Valentina;Vinnie;COCONUT_COUPON;SEASHELLS;665.0;15
519100;Vinnie;Vinnie;COCONUT;SEASHELLS;10054.0;6
519200;Valentina;Vinnie;COCONUT_COUPON;SEASHELLS;663.0;17
519300;Valentina;Rhianna;COCONUT_COUPON;SEASHELLS;665.0;14
521300;Vinnie;Vinnie;COCONUT;SEASHELLS;10056.0;9
522100;Ruby;Valentina;COCONUT_COUPON;SEASHELLS;658.0;18
525000;Vinnie;Vinnie;COCONUT;SEASHELLS;10054.0;8
525700;Vinnie;Vinnie;COCONUT;SEASHELLS;10052.0;8
526000;Vinnie;Vinnie;COCONUT;SEASHELLS;10055.0;8
526600;Vinnie;Raj;COCONUT;SEASHELLS;10058.0;9
527400;Vinnie;Vinnie;COCONUT;SEASHELLS;10058.0;5
527700;Vinnie;Vinnie;COCONUT;SEASHELLS;10055.0;10
527800;Vinnie;Vinnie;COCONUT;SEASHELLS;10054.0;5
528000;Valentina;Vinnie;COCONUT_COUPON;SEASHELLS;666.0;11
528900;Vinnie;Raj;COCONUT;SEASHELLS;10053.0;9
529400;Valentina;Rhianna;COCONUT_COUPON;SEASHELLS;667.0;13
529700;Valentina;Vinnie;COCONUT_COUPON;SEASHELLS;668.0;19
529800;Valentina;Vinnie;COCONUT_COUPON;SEASHELLS;670.0;16
529800;Vladimir;Vinnie;COCONUT_COUPON;SEASHELLS;670.0;1
531000;Valentina;Vinnie;COCONUT_COUPON;SEASHELLS;671.0;18
531500;Vinnie;Vinnie;COCONUT;SEASHELLS;10059.0;10
531900;Valentina;Ruby;COCONUT_COUPON;SEASHELLS;673.0;10
532100;Valentina;Vinnie;COCONUT_COUPON;SEASHELLS;671.0;12
532900;Valentina;Vinnie;COCONUT_COUPON;SEASHELLS;669.0;16
533600;Raj;Vinnie;COCONUT;SEASHELLS;10062.0;10
534100;Vinnie;Vinnie;COCONUT;SEASHELLS;10064.0;7
534300;Rhianna;Vinnie;COCONUT;SEASHELLS;10065.0;1
536100;Valentina;Vinnie;COCONUT_COUPON;SEASHELLS;678.0;19
536800;Vinnie;Vinnie;COCONUT;SEASHELLS;10066.0;5
537500;Rhianna;Vinnie;COCONUT;SEASHELLS;10069.0;1
537500;Vladimir;Ruby;COCONUT_COUPON;SEASHELLS;679.0;6
537500;Valentina;Vinnie;COCONUT_COUPON;SEASHELLS;679.0;13
537500;Valentina;Ruby;COCONUT_COUPON;SEASHELLS;679.0;10
537800;Valentina;Vinnie;COCONUT_COUPON;SEASHELLS;678.0;15
539500;Valentina;Vinnie;COCONUT_COUPON;SEASHELLS;680.0;20
539900;Valentina;Vinnie;COCONUT_COUPON;SEASHELLS;682.0;19
540300;Vinnie;Vinnie;COCONUT;SEASHELLS;10072.0;8
541200;Valentina;Valentina;COCONUT_COUPON;SEASHELLS;682.0;6
542800;Valentina;Vinnie;COCONUT_COUPON;SEASHELLS;680.0;11
543800;Valentina;Valentina;COCONUT_COUPON;SEASHELLS;677.0;10
544000;Valentina;Vinnie;COCONUT_COUPON;SEASHELLS;677.0;16
544900;Valentina;Vinnie;COCONUT_COUPON;SEASHELLS;677.0;12
545000;Valentina;Vinnie;COCONUT_COUPON;SEASHELLS;677.0;19
545900;Valentina;Rhianna;COCONUT_COUPON;SEASHELLS;679.0;13
546300;Raj;Vinnie;COCONUT;SEASHELLS;10070.0;9
548000;Valentina;Vinnie;COCONUT_COUPON;SEASHELLS;683.0;18
549100;Rhianna;Vinnie;COCONUT;SEASHELLS;10074.0;2
549700;Rhianna;Vinnie;COCONUT;SEASHELLS;10073.0;3
549700;Valentina;Valentina;COCONUT_COUPON;SEASHELLS;675.0;5
549900;Valentina;Rhianna;COCONUT_COUPON;SEASHELLS;675.0;11
550100;Valentina;Vinnie;COCONUT_COUPON;SEASHELLS;672.0;18
551100;Rhianna;Vinnie;COCONUT;SEASHELLS;10078.0;1
551400;Vinnie;Raj;COCONUT;SEASHELLS;10079.0;10
551400;Rhianna;Vinnie;COCONUT;SEASHELLS;10080.0;2
551900;Valentina;Ruby;COCONUT_COUPON;SEASHELLS;669.0;15
552500;Vinnie;Raj;COCONUT;SEASHELLS;10078.0;7
553400;Vinnie;Vinnie;COCONUT;SEASHELLS;10074.0;5
554400;Valentina;Valentina;COCONUT_COUPON;SEASHELLS;666.0;7
554800;Valentina;Rhianna;COCONUT_COUPON;SEASHELLS;666.0;6
555200;Valentina;Ruby;COCONUT_COUPON;SEASHELLS;663.0;13
555300;Vinnie;Vinnie;COCONUT;SEASHELLS;10074.0;10
556400;Vladimir;Vinnie;COCONUT_COUPON;SEASHELLS;667.0;1
556400;Valentina;Vinnie;COCONUT_COUPON;SEASHELLS;667.0;17
556400;Vinnie;Vinnie;COCONUT;SEASHELLS;10077.0;10
556900;Vinnie;Vinnie;COCONUT;SEASHELLS;10076.0;6
558100;Vinnie;Vinnie;COCONUT;SEASHELLS;10072.0;6
559500;Valentina;Rhianna;COCONUT_COUPON;SEASHELLS;663.0;14
559600;Vinnie;Raj;COCONUT;SEASHELLS;10069.0;10
560600;Valentina;Vinnie;COCONUT_COUPON;SEASHELLS;662.0;18
560900;Valentina;Vinnie;COCONUT_COUPON;SEASHELLS;659.0;10
561700;Valentina;Vinnie;COCONUT_COUPON;SEASHELLS;660.0;16
562300;Vinnie;Vinnie;COCONUT;SEASHELLS;10067.0;9
562500;Vinnie;Vinnie;COCONUT;SEASHELLS;10068.0;5
563500;Vinnie;Vinnie;COCONUT;SEASHELLS;10067.0;6
564300;Vinnie;Vinnie;COCONUT;SEASHELLS;10071.0;5
564900;Valentina;Vinnie;COCONUT_COUPON;SEASHELLS;658.0;10
566800;Valentina;Vinnie;COCONUT_COUPON;SEASHELLS;661.0;12
569100;Valentina;Rhianna;COCONUT_COUPON;SEASHELLS;651.0;7
570600;Ruby;Valentina;COCONUT_COUPON;SEASHELLS;647.0;19
571000;Vinnie;Vinnie;COCONUT;SEASHELLS;10060.0;7
571200;Vinnie;Vinnie;COCONUT;SEASHELLS;10060.0;6
572200;Raj;Vinnie;COCONUT;SEASHELLS;10060.0;6
573200;Valentina;Vinnie;COCONUT_COUPON;SEASHELLS;640.0;16
573200;Vladimir;Vinnie;COCONUT_COUPON;SEASHELLS;640.0;4
576100;Vinnie;Vinnie;COCONUT;SEASHELLS;10046.0;5
577200;Valentina;Vinnie;COCONUT_COUPON;SEASHELLS;652.0;15
577600;Vinnie;Vinnie;COCONUT;SEASHELLS;10045.0;7
578200;Vinnie;Rhianna;COCONUT;SEASHELLS;10042.0;3
578300;Valentina;Vinnie;COCONUT_COUPON;SEASHELLS;646.0;16
578300;Vladimir;Vinnie;COCONUT_COUPON;SEASHELLS;646.0;1
578500;Vinnie;Vinnie;COCONUT;SEASHELLS;10048.0;8
579100;Vinnie;Raj;COCONUT;SEASHELLS;10043.0;10
579400;Vinnie;Vinnie;COCONUT;SEASHELLS;10044.0;8
579600;Valentina;Valentina;COCONUT_COUPON;SEASHELLS;648.0;10
579900;Ruby;Valentina;COCONUT_COUPON;SEASHELLS;650.0;14
579900;Valentina;Rhianna;COCONUT_COUPON;SEASHELLS;649.0;9
580900;Valentina;Vinnie;COCONUT_COUPON;SEASHELLS;648.0;16
581500;Valentina;Vladimir;COCONUT_COUPON;SEASHELLS;651.0;7
582400;Valentina;Vinnie;COCONUT_COUPON;SEASHELLS;649.0;10
582800;Vinnie;Vinnie;COCONUT;SEASHELLS;10044.0;6
583600;Vinnie;Rhianna;COCONUT;SEASHELLS;10043.0;2
583600;Raj;Vinnie;COCONUT;SEASHELLS;10044.0;10
584500;Vinnie;Vinnie;COCONUT;SEASHELLS;10043.0;6
584600;Valentina;Vinnie;COCONUT_COUPON;SEASHELLS;661.0;12
585100;Vinnie;Vinnie;COCONUT_COUPON;SEASHELLS;663.0;1
585500;Valentina;Vinnie;COCONUT_COUPON;SEASHELLS;663.0;10
588000;Ruby;Valentina;COCONUT_COUPON;SEASHELLS;670.0;19
588200;Valentina;Vinnie;COCONUT_COUPON;SEASHELLS;669.0;10
588300;Vinnie;Rhianna;COCONUT;SEASHELLS;10059.0;1
589000;Valentina;Ruby;COCONUT_COUPON;SEASHELLS;671.0;19
589500;Valentina;Vinnie;COCONUT_COUPON;SEASHELLS;671.0;13
592400;Vinnie;Vinnie;COCONUT;SEASHELLS;10051.0;5
593500;Valentina;Vinnie;COCONUT_COUPON;SEASHELLS;664.0;17
593900;Ruby;Valentina;COCONUT_COUPON;SEASHELLS;664.0;12
595800;Raj;Vinnie;COCONUT;SEASHELLS;10051.0;5
597400;Valentina;Vinnie;COCONUT_COUPON;SEASHELLS;668.0;13
601000;Vinnie;Raj;COCONUT;SEASHELLS;10048.0;8
601500;Vladimir;Rhianna;COCONUT_COUPON;SEASHELLS;660.0;9
601600;Vinnie;Rhianna;COCONUT;SEASHELLS;10048.0;2
601700;Ruby;Valentina;COCONUT_COUPON;SEASHELLS;661.0;12
601900;Rhianna;Vinnie;COCONUT;SEASHELLS;10048.0;3
602000;Vinnie;Vinnie;COCONUT;SEASHELLS;10047.0;10
603100;Vinnie;Rhianna;COCONUT;SEASHELLS;10051.0;2
603300;Valentina;Valentina;COCONUT_COUPON;SEASHELLS;661.0;8
604200;Vinnie;Vinnie;COCONUT;SEASHELLS;10054.0;8
604900;Ruby;Valentina;COCONUT_COUPON;SEASHELLS;661.0;15
605800;Raj;Vinnie;COCONUT;SEASHELLS;10059.0;9
606000;Rhianna;Vinnie;COCONUT;SEASHELLS;10057.0;3
606200;Valentina;Rhianna;COCONUT_COUPON;SEASHELLS;669.0;9
606600;Vinnie;Vinnie;COCONUT;SEASHELLS;10057.0;7
607800;Valentina;Vinnie;COCONUT_COUPON;SEASHELLS;673.0;11
608000;Valentina;Vinnie;COCONUT_COUPON;SEASHELLS;674.0;14
608000;Vinnie;Rhianna;COCONUT;SEASHELLS;10057.0;3
609900;Valentina;Vinnie;COCONUT_COUPON;SEASHELLS;676.0;10
610000;Valentina;Vinnie;COCONUT_COUPON;SEASHELLS;675.0;11
610100;Vinnie;Rhianna;COCONUT;SEASHELLS;10061.0;2
610200;Rhianna;Vinnie;COCONUT;SEASHELLS;10064.0;3
610500;Valentina;Vinnie;COCONUT_COUPON;SEASHELLS;676.0;16
610600;Vinnie;Raj;COCONUT;SEASHELLS;10061.0;10
610600;Rhianna;Vinnie;COCONUT;SEASHELLS;10062.0;3
611100;Valentina;Vinnie;COCONUT_COUPON;SEASHELLS;675.0;14
612000;Vladimir;Vinnie;COCONUT_COUPON;SEASHELLS;672.0;1
612000;Valentina;Vinnie;COCONUT_COUPON;SEASHELLS;672.0;16
613600;Valentina;Rhianna;COCONUT_COUPON;SEASHELLS;670.0;11
614600;Valentina;Vinnie;COCONUT_COUPON;SEASHELLS;666.0;13
617100;Valentina;Vinnie;COCONUT_COUPON;SEASHELLS;652.0;10
617300;Ruby;Valentina;COCONUT_COUPON;SEASHELLS;654.0;17
617300;Vinnie;Vinnie;COCONUT;SEASHELLS;10036.0;7
617600;Ruby;Valentina;COCONUT_COUPON;SEASHELLS;654.0;19
617600;Valentina;Vinnie;COCONUT_COUPON;SEASHELLS;653.0;19
618500;Valentina;Vinnie;COCONUT_COUPON;SEASHELLS;655.0;16
619200;Rhianna;Vladimir;COCONUT_COUPON;SEASHELLS;652.0;10
619700;Vinnie;Vinnie;COCONUT;SEASHELLS;10033.0;6
619900;Valentina;Rhianna;COCONUT_COUPON;SEASHELLS;653.0;5
620100;Valentina;Vinnie;COCONUT_COUPON;SEASHELLS;653.0;12
620100;Valentina;Valentina;COCONUT_COUPON;SEASHELLS;653.0;7
621600;Ruby;Valentina;COCONUT_COUPON;SEASHELLS;649.0;14
622500;Ruby;Valentina;COCONUT_COUPON;SEASHELLS;645.0;13
622600;Valentina;Ruby;COCONUT_COUPON;SEASHELLS;646.0;11
622900;Valentina;Vinnie;COCONUT_COUPON;SEASHELLS;645.0;16
623600;Vinnie;Raj;COCONUT;SEASHELLS;10035.0;5
624900;Vinnie;Vinnie;COCONUT;SEASHELLS;10036.0;9
625100;Vinnie;Vinnie;COCONUT;SEASHELLS;10036.0;9
625300;Vinnie;Vinnie;COCONUT;SEASHELLS;10035.0;5
625500;Vinnie;Vinnie;COCONUT;SEASHELLS;10036.0;9
626300;Ruby;Valentina;COCONUT_COUPON;SEASHELLS;640.0;15
626500;Raj;Vinnie;COCONUT;SEASHELLS;10034.0;5
627500;Valentina;Vinnie;COCONUT_COUPON;SEASHELLS;639.0;19
627500;Vladimir;Vinnie;COCONUT_COUPON;SEASHELLS;639.0;1
628100;Vinnie;Vinnie;COCONUT;SEASHELLS;10033.0;9
628600;Valentina;Ruby;COCONUT_COUPON;SEASHELLS;637.0;18
629000;Valentina;Vinnie;COCONUT_COUPON;SEASHELLS;638.0;15
629000;Vinnie;Vinnie;COCONUT;SEASHELLS;10031.0;6
629700;Vinnie;Vinnie;COCONUT;SEASHELLS;10033.0;8
630100;Valentina;Rhianna;COCONUT_COUPON;SEASHELLS;639.0;15
632200;Valentina;Vinnie;COCONUT_COUPON;SEASHELLS;645.0;15
632300;Valentina;Rhianna;COCONUT_COUPON;SEASHELLS;644.0;9
632900;Valentina;Vinnie;COCONUT_COUPON;SEASHELLS;639.0;16
633100;Vinnie;Vinnie;COCONUT;SEASHELLS;10033.0;6
633200;Vinnie;Vinnie;COCONUT;SEASHELLS;10033.0;5
633600;Rhianna;Vinnie;COCONUT;SEASHELLS;10036.0;3
634800;Valentina;Vinnie;COCONUT_COUPON;SEASHELLS;634.0;17
635400;Raj;Vinnie;COCONUT;SEASHELLS;10028.0;9
636300;Vinnie;Vinnie;COCONUT;SEASHELLS;10028.0;10
636500;Valentina;Vinnie;COCONUT_COUPON;SEASHELLS;636.0;11
636600;Valentina;Vinnie;COCONUT_COUPON;SEASHELLS;635.0;19
636600;Vinnie;Vinnie;COCONUT;SEASHELLS;10027.0;7
636900;Vinnie;Raj;COCONUT;SEASHELLS;10026.0;8
637600;Vinnie;Vinnie;COCONUT;SEASHELLS;10028.0;6
637800;Valentina;Rhianna;COCONUT_COUPON;SEASHELLS;635.0;14
638800;Valentina;Vinnie;COCONUT_COUPON;SEASHELLS;637.0;17
638800;Vinnie;Vinnie;COCONUT;SEASHELLS;10034.0;5
639000;Ruby;Valentina;COCONUT_COUPON;SEASHELLS;640.0;20
641500;Valentina;Valentina;COCONUT_COUPON;SEASHELLS;635.0;4
641500;Vinnie;Vinnie;COCONUT;SEASHELLS;10037.0;7
641800;Vinnie;Vinnie;COCONUT;SEASHELLS;10038.0;9
641900;Vinnie;Vinnie;COCONUT;SEASHELLS;10039.0;9
642300;Valentina;Vinnie;COCONUT_COUPON;SEASHELLS;631.0;15
643200;Valentina;Vinnie;COCONUT_COUPON;SEASHELLS;634.0;13
643500;Vinnie;Vinnie;COCONUT;SEASHELLS;10038.0;6
644200;Vinnie;Vinnie;COCONUT;SEASHELLS;10037.0;6
644300;Valentina;Vinnie;COCONUT_COUPON;SEASHELLS;631.0;16
644300;Vladimir;Rhianna;COCONUT_COUPON;SEASHELLS;631.0;3
644300;Valentina;Rhianna;COCONUT_COUPON;SEASHELLS;631.0;11
646600;Vinnie;Vinnie;COCONUT;SEASHELLS;10032.0;9
646600;Raj;Vinnie;COCONUT;SEASHELLS;10034.0;10
647600;Vinnie;Raj;COCONUT;SEASHELLS;10037.0;10
647600;Vinnie;Rhianna;COCONUT;SEASHELLS;10037.0;2
648200;Valentina;Vinnie;COCONUT_COUPON;SEASHELLS;648.0;17
648800;Raj;Vinnie;COCONUT;SEASHELLS;10042.0;9
649000;Vladimir;Vinnie;COCONUT_COUPON;SEASHELLS;646.0;1
649000;Valentina;Vinnie;COCONUT_COUPON;SEASHELLS;646.0;15
649100;Valentina;Vinnie;COCONUT_COUPON;SEASHELLS;647.0;16
649200;Valentina;Vinnie;COCONUT_COUPON;SEASHELLS;646.0;20
649300;Rhianna;Vinnie;COCONUT;SEASHELLS;10042.0;1
649900;Valentina;Valentina;COCONUT_COUPON;SEASHELLS;647.0;10
651700;Valentina;Valentina;COCONUT_COUPON;SEASHELLS;651.0;10
651800;Vinnie;Rhianna;COCONUT;SEASHELLS;10049.0;3
653900;Valentina;Valentina;COCONUT_COUPON;SEASHELLS;647.0;6
654800;Valentina;Vinnie;COCONUT_COUPON;SEASHELLS;653.0;16
654800;Vladimir;Vinnie;COCONUT_COUPON;SEASHELLS;653.0;3
655300;Valentina;Vinnie;COCONUT_COUPON;SEASHELLS;655.0;20
658700;Valentina;Rhianna;COCONUT_COUPON;SEASHELLS;659.0;5
660800;Valentina;Vinnie;COCONUT_COUPON;SEASHELLS;658.0;16
661300;Vinnie;Vinnie;COCONUT;SEASHELLS;10043.0;9
661600;Valentina;Valentina;COCONUT_COUPON;SEASHELLS;660.0;5
661700;Vinnie;Raj;COCONUT;SEASHELLS;10039.0;9
662000;Vinnie;Raj;COCONUT;SEASHELLS;10041.0;9
662500;Valentina;Vinnie;COCONUT_COUPON;SEASHELLS;667.0;15
663200;Vinnie;Vinnie;COCONUT;SEASHELLS;10043.0;6
663200;Ruby;Valentina;COCONUT_COUPON;SEASHELLS;672.0;13
664000;Valentina;Valentina;COCONUT_COUPON;SEASHELLS;671.0;10
664100;Valentina;Vinnie;COCONUT_COUPON;SEASHELLS;670.0;11
664400;Vinnie;Vinnie;COCONUT;SEASHELLS;10040.0;10
665500;Valentina;Valentina;COCONUT_COUPON;SEASHELLS;670.0;10
665800;Valentina;Vinnie;COCONUT_COUPON;SEASHELLS;670.0;17
666300;Valentina;Valentina;COCONUT_COUPON;SEASHELLS;669.0;7
666600;Vinnie;Rhianna;COCONUT;SEASHELLS;10041.0;1
666600;Valentina;Valentina;COCONUT_COUPON;SEASHELLS;668.0;10
666800;Valentina;Vinnie;COCONUT_COUPON;SEASHELLS;669.0;12
667000;Rhianna;Vinnie;COCONUT;SEASHELLS;10047.0;1
669300;Valentina;Rhianna;COCONUT_COUPON;SEASHELLS;671.0;14
670000;Vinnie;Vinnie;COCONUT;SEASHELLS;10045.0;10
670100;Vinnie;Vinnie;COCONUT;SEASHELLS;10045.0;7
671500;Valentina;Vinnie;COCONUT_COUPON;SEASHELLS;671.0;19
671600;Vinnie;Raj;COCONUT;SEASHELLS;10050.0;7
671800;Vinnie;Raj;COCONUT;SEASHELLS;10050.0;6
673400;Valentina;Vinnie;COCONUT_COUPON;SEASHELLS;663.0;14
673900;Valentina;Valentina;COCONUT_COUPON;SEASHELLS;661.0;8
675000;Valentina;Valentina;COCONUT_COUPON;SEASHELLS;669.0;9
676100;Valentina;Rhianna;COCONUT_COUPON;SEASHELLS;671.0;15
676200;Vinnie;Vinnie;COCONUT;SEASHELLS;10053.0;5
676800;Vinnie;Vinnie;COCONUT;SEASHELLS;10051.0;9
677400;Vinnie;Vinnie;COCONUT;SEASHELLS;10047.0;8
677800;Rhianna;Vinnie;COCONUT;SEASHELLS;10049.0;2
678700;Valentina;Vinnie;COCONUT_COUPON;SEASHELLS;669.0;15
678700;Vladimir;Vinnie;COCONUT_COUPON;SEASHELLS;669.0;1
678900;Ruby;Valentina;COCONUT_COUPON;SEASHELLS;670.0;11
679400;Valentina;Valentina;COCONUT_COUPON;SEASHELLS;667.0;10
679900;Vinnie;Rhianna;COCONUT;SEASHELLS;10046.0;1
680300;Vladimir;Vinnie;COCONUT_COUPON;SEASHELLS;673.0;4
680300;Valentina;Vinnie;COCONUT_COUPON;SEASHELLS;673.0;16
681100;Raj;Vinnie;COCONUT;SEASHELLS;10050.0;9
681300;Valentina;Vinnie;COCONUT_COUPON;SEASHELLS;669.0;15
681500;Valentina;Ruby;COCONUT_COUPON;SEASHELLS;667.0;17
682200;Vinnie;Vinnie;COCONUT;SEASHELLS;10046.0;9
683100;Valentina;Vinnie;COCONUT_COUPON;SEASHELLS;662.0;12
683500;Valentina;Vinnie;COCONUT_COUPON;SEASHELLS;659.0;10
684500;Valentina;Valentina;COCONUT_COUPON;SEASHELLS;662.0;5
684600;Valentina;Vinnie;COCONUT_COUPON;SEASHELLS;665.0;12
684700;Ruby;Valentina;COCONUT_COUPON;SEASHELLS;665.0;20
686100;Vinnie;Rhianna;COCONUT;SEASHELLS;10059.0;2
686800;Vinnie;Rhianna;COCONUT;SEASHELLS;10056.0;1
687700;Valentina;Rhianna;COCONUT_COUPON;SEASHELLS;668.0;11
688300;Valentina;Valentina;COCONUT_COUPON;SEASHELLS;665.0;6
688900;Vinnie;Vinnie;COCONUT;SEASHELLS;10056.0;5
689200;Raj;Vinnie;COCONUT;SEASHELLS;10057.0;7
691700;Vinnie;Vinnie;COCONUT;SEASHELLS;10057.0;9
692700;Vinnie;Vinnie;COCONUT;SEASHELLS;10062.0;6
693200;Valentina;Vinnie;COCONUT_COUPON;SEASHELLS;669.0;16
693700;Valentina;Vinnie;COCONUT_COUPON;SEASHELLS;672.0;19
694000;Ruby;Valentina;COCONUT_COUPON;SEASHELLS;673.0;12
694300;Valentina;Vinnie;COCONUT_COUPON;SEASHELLS;674.0;13
695400;Vinnie;Vinnie;COCONUT;SEASHELLS;10070.0;8
695700;Vinnie;Vinnie;COCONUT;SEASHELLS;10070.0;8
696600;Vinnie;Vinnie;COCONUT;SEASHELLS;10065.0;9
696900;Raj;Vinnie;COCONUT;SEASHELLS;10067.0;10
697500;Vinnie;Vinnie;COCONUT;SEASHELLS;10068.0;9
698200;Valentina;Ruby;COCONUT_COUPON;SEASHELLS;676.0;14
699000;Vinnie;Vinnie;COCONUT;SEASHELLS;10063.0;5
699400;Raj;Vinnie;COCONUT;SEASHELLS;10069.0;7
700800;Valentina;Vinnie;COCONUT_COUPON;SEASHELLS;680.0;14
701200;Valentina;Valentina;COCONUT_COUPON;SEASHELLS;679.0;8
702200;Valentina;Vinnie;COCONUT_COUPON;SEASHELLS;683.0;11
702700;Vinnie;Rhianna;COCONUT;SEASHELLS;10071.0;2
703000;Valentina;Ruby;COCONUT_COUPON;SEASHELLS;684.0;10
703600;Vinnie;Vinnie;COCONUT;SEASHELLS;10072.0;10
704700;Vinnie;Vinnie;COCONUT;SEASHELLS;10072.0;8
704900;Vinnie;Vinnie;COCONUT;SEASHELLS;10073.0;9
705400;Vinnie;Vinnie;COCONUT;SEASHELLS;10074.0;9
706000;Valentina;Vinnie;COCONUT_COUPON;SEASHELLS;677.0;16
706700;Valentina;Vinnie;COCONUT_COUPON;SEASHELLS;673.0;19
708700;Valentina;Vinnie;COCONUT_COUPON;SEASHELLS;672.0;10
709900;Valentina;Rhianna;COCONUT_COUPON;SEASHELLS;676.0;15
710300;Valentina;Vinnie;COCONUT_COUPON;SEASHELLS;672.0;14
710900;Vinnie;Vinnie;COCONUT;SEASHELLS;10079.0;10
711400;Vinnie;Vinnie;COCONUT;SEASHELLS;10078.0;10
712400;Vinnie;Raj;COCONUT;SEASHELLS;10075.0;7
713000;Vinnie;Vinnie;COCONUT;SEASHELLS;10074.0;6
714000;Vinnie;Raj;COCONUT;SEASHELLS;10077.0;9
714800;Valentina;Vinnie;COCONUT_COUPON;SEASHELLS;683.0;18
715200;Valentina;Vinnie;COCONUT_COUPON;SEASHELLS;681.0;11
715800;Valentina;Vinnie;COCONUT_COUPON;SEASHELLS;681.0;11
715800;Raj;Vinnie;COCONUT;SEASHELLS;10079.0;7
716500;Valentina;Rhianna;COCONUT_COUPON;SEASHELLS;681.0;13
717300;Vinnie;Vinnie;COCONUT;SEASHELLS;10076.0;5
718300;Valentina;Vinnie;COCONUT_COUPON;SEASHELLS;681.0;16
718300;Ruby;Valentina;COCONUT_COUPON;SEASHELLS;682.0;15
719800;Rhianna;Vinnie;COCONUT;SEASHELLS;10073.0;2
720300;Valentina;Valentina;COCONUT_COUPON;SEASHELLS;679.0;6
721100;Rhianna;Vinnie;COCONUT;SEASHELLS;10070.0;1
721500;Vinnie;Vinnie;COCONUT;SEASHELLS;10071.0;7
721500;Raj;Vinnie;COCONUT;SEASHELLS;10072.0;7
721600;Valentina;Vinnie;COCONUT_COUPON;SEASHELLS;677.0;11
721700;Vinnie;Vinnie;COCONUT;SEASHELLS;10071.0;10
722200;Vinnie;Vinnie;COCONUT_COUPON;SEASHELLS;676.0;2
722200;Rhianna;Vinnie;COCONUT_COUPON;SEASHELLS;676.0;9
722300;Valentina;Rhianna;COCONUT_COUPON;SEASHELLS;674.0;12
722700;Vinnie;Vinnie;COCONUT;SEASHELLS;10071.0;7
722900;Vinnie;Vinnie;COCONUT;SEASHELLS;10070.0;10
723200;Valentina;Rhianna;COCONUT_COUPON;SEASHELLS;669.0;10
723200;Rhianna;Vinnie;COCONUT;SEASHELLS;10071.0;2
723200;Valentina;Valentina;COCONUT_COUPON;SEASHELLS;669.0;5
723900;Valentina;Rhianna;COCONUT_COUPON;SEASHELLS;669.0;6
724400;Valentina;Vinnie;COCONUT_COUPON;SEASHELLS;672.0;17
724700;Vinnie;Vinnie;COCONUT;SEASHELLS;10072.0;8
725400;Vinnie;Rhianna;COCONUT;SEASHELLS;10070.0;3
725800;Valentina;Vinnie;COCONUT_COUPON;SEASHELLS;665.0;15
726100;Vladimir;Ruby;COCONUT_COUPON;SEASHELLS;664.0;2
726100;Valentina;Ruby;COCONUT_COUPON;SEASHELLS;664.0;17
726200;Vinnie;Vinnie;COCONUT;SEASHELLS;10065.0;10
729600;Vinnie;Rhianna;COCONUT;SEASHELLS;10067.0;1
730600;Ruby;Valentina;COCONUT_COUPON;SEASHELLS;668.0;12
731600;Vinnie;Vinnie;COCONUT;SEASHELLS;10070.0;7
732300;Valentina;Vinnie;COCONUT_COUPON;SEASHELLS;665.0;16
732400;Vinnie;Vinnie;COCONUT;SEASHELLS;10071.0;8
732800;Valentina;Vinnie;COCONUT_COUPON;SEASHELLS;667.0;14
733100;Valentina;Vinnie;COCONUT_COUPON;SEASHELLS;670.0;16
733100;Vladimir;Vinnie;COCONUT_COUPON;SEASHELLS;670.0;4
733400;Valentina;Vinnie;COCONUT_COUPON;SEASHELLS;671.0;11
733700;Valentina;Vinnie;COCONUT_COUPON;SEASHELLS;671.0;12
733800;Vinnie;Vinnie;COCONUT;SEASHELLS;10074.0;5
734200;Valentina;Vinnie;COCONUT_COUPON;SEASHELLS;668.0;15
734500;Valentina;Vinnie;COCONUT_COUPON;SEASHELLS;668.0;17
734700;Valentina;Vinnie;COCONUT_COUPON;SEASHELLS;669.0;15
735200;Valentina;Vinnie;COCONUT_COUPON;SEASHELLS;667.0;11
735900;Raj;Vinnie;COCONUT;SEASHELLS;10079.0;10
736500;Valentina;Rhianna;COCONUT_COUPON;SEASHELLS;669.0;8
739300;Valentina;Vinnie;COCONUT_COUPON;SEASHELLS;667.0;11
739800;Vinnie;Rhianna;COCONUT;SEASHELLS;10075.0;3
740400;Valentina;Rhianna;COCONUT_COUPON;SEASHELLS;664.0;6
740700;Valentina;Ruby;COCONUT_COUPON;SEASHELLS;662.0;16
741200;Rhianna;Vinnie;COCONUT;SEASHELLS;10075.0;1
743200;Vinnie;Vinnie;COCONUT;SEASHELLS;10084.0;6
743600;Vinnie;Vinnie;COCONUT;SEASHELLS;10085.0;5
743600;Valentina;Vinnie;COCONUT_COUPON;SEASHELLS;661.0;19
744200;Valentina;Vinnie;COCONUT_COUPON;SEASHELLS;662.0;11
744200;Vinnie;Raj;COCONUT;SEASHELLS;10087.0;5
744600;Vladimir;Ruby;COCONUT_COUPON;SEASHELLS;660.0;2
744600;Valentina;Ruby;COCONUT_COUPON;SEASHELLS;660.0;15
745100;Valentina;Rhianna;COCONUT_COUPON;SEASHELLS;656.0;15
746000;Valentina;Ruby;COCONUT_COUPON;SEASHELLS;658.0;20
747400;Vinnie;Vinnie;COCONUT;SEASHELLS;10085.0;5
747800;Raj;Vinnie;COCONUT;SEASHELLS;10086.0;10
747900;Vinnie;Raj;COCONUT;SEASHELLS;10084.0;10
748000;Valentina;Vinnie;COCONUT_COUPON;SEASHELLS;664.0;11
749100;Ruby;Valentina;COCONUT_COUPON;SEASHELLS;669.0;12
749200;Vinnie;Rhianna;COCONUT;SEASHELLS;10084.0;1
749600;Vinnie;Vinnie;COCONUT;SEASHELLS;10085.0;8
749600;Valentina;Vinnie;COCONUT_COUPON;SEASHELLS;671.0;20
749900;Valentina;Valentina;COCONUT_COUPON;SEASHELLS;668.0;8
751500;Vinnie;Rhianna;COCONUT;SEASHELLS;10086.0;3
751600;Valentina;Ruby;COCONUT_COUPON;SEASHELLS;667.0;19
752000;Valentina;Valentina;COCONUT_COUPON;SEASHELLS;669.0;9
753900;Vinnie;Raj;COCONUT;SEASHELLS;10084.0;7
754100;Raj;Vinnie;COCONUT;SEASHELLS;10087.0;6
754200;Vinnie;Vinnie;COCONUT;SEASHELLS;10086.0;8
755300;Valentina;Vinnie;COCONUT_COUPON;SEASHELLS;664.0;11
755400;Raj;Vinnie;COCONUT;SEASHELLS;10086.0;5
755500;Vinnie;Vinnie;COCONUT;SEASHELLS;10084.0;10
755600;Valentina;Vinnie;COCONUT_COUPON;SEASHELLS;661.0;11
755800;Valentina;Rhianna;COCONUT_COUPON;SEASHELLS;660.0;10
756100;Valentina;Vinnie;COCONUT_COUPON;SEASHELLS;658.0;16
756600;Valentina;Vinnie;COCONUT_COUPON;SEASHELLS;659.0;14
757200;Vinnie;Rhianna;COCONUT;SEASHELLS;10083.0;3
758600;Vinnie;Vinnie;COCONUT;SEASHELLS;10078.0;5
758600;Valentina;Vinnie;COCONUT_COUPON;SEASHELLS;653.0;13
759000;Valentina;Vinnie;COCONUT_COUPON;SEASHELLS;654.0;13
759400;Valentina;Vinnie;COCONUT_COUPON;SEASHELLS;652.0;14
759700;Valentina;Vinnie;COCONUT_COUPON;SEASHELLS;652.0;13
760300;Valentina;Ruby;COCONUT_COUPON;SEASHELLS;658.0;15
760800;Vinnie;Vinnie;COCONUT;SEASHELLS;10080.0;5
761400;Valentina;Rhianna;COCONUT_COUPON;SEASHELLS;663.0;9
761900;Valentina;Ruby;COCONUT_COUPON;SEASHELLS;659.0;11
762100;Vinnie;Vinnie;COCONUT;SEASHELLS;10081.0;9
764500;Valentina;Vinnie;COCONUT_COUPON;SEASHELLS;667.0;18
764700;Valentina;Vinnie;COCONUT_COUPON;SEASHELLS;666.0;18
766300;Valentina;Valentina;COCONUT_COUPON;SEASHELLS;668.0;6
766500;Valentina;Rhianna;COCONUT_COUPON;SEASHELLS;667.0;11
766700;Vinnie;Rhianna;COCONUT;SEASHELLS;10088.0;2
767000;Valentina;Vinnie;COCONUT_COUPON;SEASHELLS;667.0;12
768000;Raj;Vinnie;COCONUT;SEASHELLS;10089.0;9
768100;Vinnie;Rhianna;COCONUT;SEASHELLS;10088.0;3
769500;Valentina;Vinnie;COCONUT_COUPON;SEASHELLS;669.0;13
769800;Raj;Vinnie;COCONUT;SEASHELLS;10088.0;10
772000;Valentina;Valentina;COCONUT_COUPON;SEASHELLS;663.0;10
772000;Valentina;Rhianna;COCONUT_COUPON;SEASHELLS;663.0;7
772600;Valentina;Ruby;COCONUT_COUPON;SEASHELLS;660.0;14
772700;Ruby;Valentina;COCONUT_COUPON;SEASHELLS;662.0;13
773200;Valentina;Vinnie;COCONUT_COUPON;SEASHELLS;667.0;12
773700;Vinnie;Vinnie;COCONUT;SEASHELLS;10087.0;5
773900;Valentina;Vinnie;COCONUT_COUPON;SEASHELLS;669.0;11
774000;Raj;Vinnie;COCONUT;SEASHELLS;10089.0;7
774300;Valentina;Vinnie;COCONUT_COUPON;SEASHELLS;671.0;18
774800;Valentina;Vinnie;COCONUT_COUPON;SEASHELLS;670.0;14
774900;Valentina;Rhianna;COCONUT_COUPON;SEASHELLS;668.0;15
775200;Vinnie;Vinnie;COCONUT;SEASHELLS;10092.0;8
775200;Raj;Vinnie;COCONUT;SEASHELLS;10093.0;8
775500;Valentina;Vinnie;COCONUT_COUPON;SEASHELLS;671.0;15
776700;Ruby;Valentina;COCONUT_COUPON;SEASHELLS;664.0;10
776900;Ruby;Valentina;COCONUT_COUPON;SEASHELLS;667.0;15
777400;Vinnie;Vinnie;COCONUT;SEASHELLS;10087.0;5
777400;Valentina;Vinnie;COCONUT_COUPON;SEASHELLS;666.0;14
778000;Vinnie;Raj;COCONUT;SEASHELLS;10087.0;6
779500;Vinnie;Vinnie;COCONUT;SEASHELLS;10092.0;10
780300;Valentina;Vinnie;COCONUT_COUPON;SEASHELLS;666.0;19
780400;Vladimir;Vinnie;COCONUT_COUPON;SEASHELLS;666.0;3
780400;Valentina;Vinnie;COCONUT_COUPON;SEASHELLS;666.0;17
780500;Vladimir;Ruby;COCONUT_COUPON;SEASHELLS;666.0;7
780500;Valentina;Vinnie;COCONUT_COUPON;SEASHELLS;666.0;15
780500;Valentina;Ruby;COCONUT_COUPON;SEASHELLS;666.0;13
781300;Valentina;Vinnie;COCONUT_COUPON;SEASHELLS;665.0;19
781900;Valentina;Vinnie;COCONUT_COUPON;SEASHELLS;667.0;15
782000;Ruby;Valentina;COCONUT_COUPON;SEASHELLS;668.0;12
783200;Vinnie;Vinnie;COCONUT;SEASHELLS;10088.0;9
783800;Vinnie;Vinnie;COCONUT;SEASHELLS;10089.0;5
784700;Ruby;Valentina;COCONUT_COUPON;SEASHELLS;677.0;10
785200;Valentina;Vinnie;COCONUT_COUPON;SEASHELLS;673.0;15
786600;Vinnie;Vinnie;COCONUT;SEASHELLS;10084.0;10
787000;Valentina;Ruby;COCONUT_COUPON;SEASHELLS;671.0;18
787400;Valentina;Vinnie;COCONUT_COUPON;SEASHELLS;672.0;10
787800;Raj;Vinnie;COCONUT;SEASHELLS;10088.0;10
788400;Valentina;Vinnie;COCONUT_COUPON;SEASHELLS;668.0;19
788600;Valentina;Vinnie;COCONUT_COUPON;SEASHELLS;667.0;10
789400;Rhianna;Vinnie;COCONUT;SEASHELLS;10087.0;3
789700;Vinnie;Vinnie;COCONUT;SEASHELLS;10086.0;9
789800;Vinnie;Vinnie;COCONUT;SEASHELLS;10087.0;7
789900;Rhianna;Vinnie;COCONUT;SEASHELLS;10089.0;3
790300;Valentina;Vinnie;COCONUT_COUPON;SEASHELLS;662.0;20
791800;Valentina;Vinnie;COCONUT_COUPON;SEASHELLS;664.0;20
794300;Raj;Vinnie;COCONUT;SEASHELLS;10080.0;7
794900;Valentina;Rhianna;COCONUT_COUPON;SEASHELLS;673.0;6
795300;Vinnie;Vinnie;COCONUT;SEASHELLS;10077.0;6
795400;Vinnie;Vinnie;COCONUT;SEASHELLS;10077.0;7
795800;Valentina;Vinnie;COCONUT_COUPON;SEASHELLS;670.0;14
796100;Vladimir;Ruby;COCONUT_COUPON;SEASHELLS;670.0;4
796100;Valentina;Ruby;COCONUT_COUPON;SEASHELLS;670.0;15
798900;Valentina;Valentina;COCONUT_COUPON;SEASHELLS;682.0;7
799400;Vinnie;Raj;COCONUT;SEASHELLS;10085.0;9
800300;Vinnie;Vinnie;COCONUT;SEASHELLS;10089.0;5
800800;Valentina;Vinnie;COCONUT_COUPON;SEASHELLS;678.0;15
802400;Valentina;Vinnie;COCONUT_COUPON;SEASHELLS;682.0;14
803000;Valentina;Rhianna;COCONUT_COUPON;SEASHELLS;684.0;15
803400;Vladimir;Ruby;COCONUT_COUPON;SEASHELLS;684.0;2
803400;Valentina;Ruby;COCONUT_COUPON;SEASHELLS;684.0;12
803400;Valentina;Vinnie;COCONUT_COUPON;SEASHELLS;684.0;16
803500;Valentina;Vinnie;COCONUT_COUPON;SEASHELLS;687.0;17
804700;Valentina;Vinnie;COCONUT_COUPON;SEASHELLS;688.0;10
805400;Vinnie;Vinnie;COCONUT;SEASHELLS;10092.0;10
806000;Valentina;Valentina;COCONUT_COUPON;SEASHELLS;688.0;10
806600;Vinnie;Vinnie;COCONUT;SEASHELLS;10096.0;8
808600;Valentina;Valentina;COCONUT_COUPON;SEASHELLS;689.0;10
809900;Vinnie;Raj;COCONUT;SEASHELLS;10099.0;9
811300;Vinnie;Vinnie;COCONUT;SEASHELLS;10097.0;8
811500;Vinnie;Raj;COCONUT;SEASHELLS;10097.0;6
811500;Valentina;Vinnie;COCONUT_COUPON;SEASHELLS;682.0;17
813900;Valentina;Ruby;COCONUT_COUPON;SEASHELLS;682.0;14
814500;Raj;Vinnie;COCONUT;SEASHELLS;10101.0;5
814900;Vinnie;Vinnie;COCONUT;SEASHELLS;10098.0;5
815300;Valentina;Vinnie;COCONUT_COUPON;SEASHELLS;680.0;16
815800;Vinnie;Vinnie;COCONUT;SEASHELLS;10100.0;7
816300;Vinnie;Vinnie;COCONUT;SEASHELLS;10103.0;5
816300;Valentina;Valentina;COCONUT_COUPON;SEASHELLS;684.0;6
816600;Valentina;Vinnie;COCONUT_COUPON;SEASHELLS;690.0;14
817100;Vinnie;Raj;COCONUT;SEASHELLS;10109.0;7
820200;Valentina;Ruby;COCONUT_COUPON;SEASHELLS;702.0;11
820700;Valentina;Vinnie;COCONUT_COUPON;SEASHELLS;699.0;12
821100;Valentina;Ruby;COCONUT_COUPON;SEASHELLS;698.0;18
822000;Rhianna;Vinnie;COCONUT;SEASHELLS;10106.0;1
822500;Valentina;Vinnie;COCONUT_COUPON;SEASHELLS;695.0;13
822700;Valentina;Ruby;COCONUT_COUPON;SEASHELLS;698.0;16
823400;Ruby;Valentina;COCONUT_COUPON;SEASHELLS;700.0;11
823500;Valentina;Vinnie;COCONUT_COUPON;SEASHELLS;699.0;11
824300;Vinnie;Vinnie;COCONUT;SEASHELLS;10107.0;8
824500;Valentina;Vinnie;COCONUT_COUPON;SEASHELLS;699.0;19
824600;Valentina;Vinnie;COCONUT_COUPON;SEASHELLS;700.0;13
824700;Valentina;Vinnie;COCONUT_COUPON;SEASHELLS;700.0;19
826100;Vinnie;Rhianna;COCONUT;SEASHELLS;10106.0;2
826500;Valentina;Vinnie;COCONUT_COUPON;SEASHELLS;697.0;12
829400;Vinnie;Vinnie;COCONUT;SEASHELLS;10106.0;5
830400;Ruby;Valentina;COCONUT_COUPON;SEASHELLS;693.0;15
830700;Raj;Vinnie;COCONUT;SEASHELLS;10108.0;9
830800;Valentina;Rhianna;COCONUT_COUPON;SEASHELLS;692.0;9
832500;Ruby;Valentina;COCONUT_COUPON;SEASHELLS;695.0;14
833900;Vladimir;Vinnie;COCONUT_COUPON;SEASHELLS;699.0;1
833900;Valentina;Vinnie;COCONUT_COUPON;SEASHELLS;699.0;19
834500;Valentina;Vinnie;COCONUT_COUPON;SEASHELLS;699.0;16
834500;Vladimir;Vinnie;COCONUT_COUPON;SEASHELLS;699.0;2
834700;Valentina;Vinnie;COCONUT_COUPON;SEASHELLS;700.0;13
834900;Valentina;Valentina;COCONUT_COUPON;SEASHELLS;704.0;4
835000;Valentina;Vinnie;COCONUT_COUPON;SEASHELLS;706.0;19
835300;Valentina;Vinnie;COCONUT_COUPON;SEASHELLS;705.0;13
835500;Vinnie;Raj;COCONUT;SEASHELLS;10116.0;9
835600;Raj;Vinnie;COCONUT;SEASHELLS;10117.0;6
836100;Vinnie;Vinnie;COCONUT;SEASHELLS;10116.0;10
836700;Valentina;Vinnie;COCONUT_COUPON;SEASHELLS;699.0;14
836700;Rhianna;Vinnie;COCONUT;SEASHELLS;10112.0;2
837300;Valentina;Vinnie;COCONUT_COUPON;SEASHELLS;698.0;12
837900;Vinnie;Vinnie;COCONUT;SEASHELLS;10108.0;6
838500;Valentina;Ruby;COCONUT_COUPON;SEASHELLS;700.0;16
838700;Rhianna;Vinnie;COCONUT;SEASHELLS;10117.0;3
839800;Valentina;Vinnie;COCONUT_COUPON;SEASHELLS;698.0;17
841300;Vinnie;Vinnie;COCONUT;SEASHELLS;10115.0;5
841400;Valentina;Ruby;COCONUT_COUPON;SEASHELLS;695.0;15
842100;Valentina;Vinnie;COCONUT_COUPON;SEASHELLS;692.0;16
844100;Valentina;Vinnie;COCONUT_COUPON;SEASHELLS;694.0;14
844200;Vinnie;Rhianna;COCONUT;SEASHELLS;10106.0;2
844600;Valentina;Vinnie;COCONUT_COUPON;SEASHELLS;700.0;19
844700;Valentina;Valentina;COCONUT_COUPON;SEASHELLS;699.0;9
844700;Raj;Vinnie;COCONUT;SEASHELLS;10112.0;8
845000;Valentina;Vinnie;COCONUT_COUPON;SEASHELLS;701.0;12
845500;Valentina;Vinnie;COCONUT_COUPON;SEASHELLS;704.0;11
846000;Vinnie;Raj;COCONUT;SEASHELLS;10113.0;9
846900;Valentina;Valentina;COCONUT_COUPON;SEASHELLS;706.0;7
848900;Ruby;Valentina;COCONUT_COUPON;SEASHELLS;702.0;20
849500;Valentina;Vinnie;COCONUT_COUPON;SEASHELLS;698.0;16
849600;Valentina;Valentina;COCONUT_COUPON;SEASHELLS;700.0;6
850000;Vinnie;Vinnie;COCONUT;SEASHELLS;10116.0;7
854200;Valentina;Vinnie;COCONUT_COUPON;SEASHELLS;693.0;13
854600;Valentina;Vinnie;COCONUT_COUPON;SEASHELLS;695.0;20
855500;Vinnie;Vinnie;COCONUT;SEASHELLS;10105.0;6
856800;Valentina;Rhianna;COCONUT_COUPON;SEASHELLS;691.0;13
857000;Vinnie;Raj;COCONUT;SEASHELLS;10106.0;7
857600;Raj;Vinnie;COCONUT;SEASHELLS;10110.0;7
857900;Valentina;Vinnie;COCONUT_COUPON;SEASHELLS;689.0;10
858600;Ruby;Valentina;COCONUT_COUPON;SEASHELLS;692.0;16
858600;Ruby;Vladimir;COCONUT_COUPON;SEASHELLS;692.0;1
858700;Valentina;Vinnie;COCONUT_COUPON;SEASHELLS;691.0;15
858700;Vladimir;Vinnie;COCONUT_COUPON;SEASHELLS;691.0;2
858800;Valentina;Vinnie;COCONUT_COUPON;SEASHELLS;691.0;10
859000;Valentina;Vinnie;COCONUT_COUPON;SEASHELLS;692.0;11
860100;Vinnie;Rhianna;COCONUT;SEASHELLS;10104.0;3
860100;Valentina;Vinnie;COCONUT_COUPON;SEASHELLS;688.0;17
860400;Valentina;Vinnie;COCONUT_COUPON;SEASHELLS;689.0;14
861700;Vinnie;Rhianna;COCONUT;SEASHELLS;10096.0;3
861900;Vinnie;Raj;COCONUT;SEASHELLS;10098.0;10
863000;Vinnie;Vinnie;COCONUT;SEASHELLS;10096.0;6
863600;Vinnie;Vinnie;COCONUT;SEASHELLS;10097.0;5
863700;Valentina;Vinnie;COCONUT_COUPON;SEASHELLS;685.0;19
864400;Valentina;Vinnie;COCONUT_COUPON;SEASHELLS;686.0;15
865700;Vladimir;Vinnie;COCONUT_COUPON;SEASHELLS;691.0;3
865700;Valentina;Vinnie;COCONUT_COUPON;SEASHELLS;691.0;15
866000;Valentina;Ruby;COCONUT_COUPON;SEASHELLS;691.0;11
866400;Vinnie;Vinnie;COCONUT;SEASHELLS;10103.0;9
866500;Vinnie;Vinnie;COCONUT;SEASHELLS;10103.0;6
867200;Valentina;Ruby;COCONUT_COUPON;SEASHELLS;692.0;14
869200;Valentina;Ruby;COCONUT_COUPON;SEASHELLS;695.0;13
870900;Valentina;Rhianna;COCONUT_COUPON;SEASHELLS;699.0;14
870900;Valentina;Ruby;COCONUT_COUPON;SEASHELLS;699.0;13
870900;Raj;Vinnie;COCONUT;SEASHELLS;10113.0;5
871500;Vinnie;Vinnie;COCONUT;SEASHELLS;10111.0;5
871700;Vladimir;Valentina;COCONUT_COUPON;SEASHELLS;696.0;4
871700;Valentina;Vinnie;COCONUT_COUPON;SEASHELLS;696.0;11
871700;Valentina;Valentina;COCONUT_COUPON;SEASHELLS;696.0;5
873100;Vinnie;Vinnie;COCONUT;SEASHELLS;10113.0;8
873700;Valentina;Vinnie;COCONUT_COUPON;SEASHELLS;697.0;17
873800;Ruby;Valentina;COCONUT_COUPON;SEASHELLS;696.0;10
874400;Valentina;Rhianna;COCONUT_COUPON;SEASHELLS;693.0;9
874500;Vinnie;Vinnie;COCONUT;SEASHELLS;10110.0;8
874700;Vinnie;Rhianna;COCONUT;SEASHELLS;10110.0;3
875700;Vinnie;Vinnie;COCONUT;SEASHELLS;10114.0;10
876500;Valentina;Valentina;COCONUT_COUPON;SEASHELLS;694.0;4
876600;Valentina;Ruby;COCONUT_COUPON;SEASHELLS;695.0;10
877800;Vinnie;Raj;COCONUT;SEASHELLS;10110.0;8
878700;Valentina;Rhianna;COCONUT_COUPON;SEASHELLS;688.0;5
879200;Vinnie;Vinnie;COCONUT;SEASHELLS;10115.0;10
880400;Vinnie;Vinnie;COCONUT;SEASHELLS;10114.0;10
881400;Vinnie;Vinnie;COCONUT;SEASHELLS;10113.0;5
881600;Vinnie;Vinnie;COCONUT;SEASHELLS;10114.0;10
881800;Vinnie;Vinnie;COCONUT;SEASHELLS;10114.0;7
882300;Valentina;Valentina;COCONUT_COUPON;SEASHELLS;684.0;4
882500;Ruby;Valentina;COCONUT_COUPON;SEASHELLS;684.0;19
883100;Valentina;Valentina;COCONUT_COUPON;SEASHELLS;687.0;10
883700;Valentina;Valentina;COCONUT_COUPON;SEASHELLS;689.0;4
885100;Vinnie;Vinnie;COCONUT;SEASHELLS;10112.0;6
885700;Valentina;Vinnie;COCONUT_COUPON;SEASHELLS;689.0;17
885700;Vinnie;Vinnie;COCONUT;SEASHELLS;10112.0;7
885800;Vinnie;Vinnie;COCONUT;SEASHELLS;10113.0;5
886200;Vinnie;Vinnie;COCONUT;SEASHELLS;10109.0;5
887000;Valentina;Ruby;COCONUT_COUPON;SEASHELLS;683.0;12
887300;Vinnie;Raj;COCONUT;SEASHELLS;10115.0;6
888400;Rhianna;Vinnie;COCONUT;SEASHELLS;10113.0;1
889000;Valentina;Ruby;COCONUT_COUPON;SEASHELLS;681.0;6
889000;Vladimir;Ruby;COCONUT_COUPON;SEASHELLS;681.0;8
889000;Valentina;Vinnie;COCONUT_COUPON;SEASHELLS;681.0;14
889100;Valentina;Vinnie;COCONUT_COUPON;SEASHELLS;682.0;18
890500;Vinnie;Vinnie;COCONUT;SEASHELLS;10111.0;8
890500;Valentina;Vinnie;COCONUT_COUPON;SEASHELLS;679.0;18
890500;Vinnie;Raj;COCONUT;SEASHELLS;10111.0;7
890600;Vinnie;Raj;COCONUT;SEASHELLS;10112.0;5
891100;Vinnie;Rhianna;COCONUT;SEASHELLS;10113.0;3
892500;Valentina;Valentina;COCONUT_COUPON;SEASHELLS;695.0;7
892700;Vinnie;Vinnie;COCONUT;SEASHELLS;10120.0;6
893400;Vinnie;Raj;COCONUT;SEASHELLS;10117.0;10
893600;Ruby;Valentina;COCONUT_COUPON;SEASHELLS;695.0;19
894100;Ruby;Valentina;COCONUT_COUPON;SEASHELLS;692.0;12
894600;Valentina;Valentina;COCONUT_COUPON;SEASHELLS;692.0;9
895100;Valentina;Ruby;COCONUT_COUPON;SEASHELLS;691.0;19
895400;Vinnie;Vinnie;COCONUT;SEASHELLS;10111.0;9
895800;Valentina;Vinnie;COCONUT_COUPON;SEASHELLS;692.0;16
896500;Vinnie;Vinnie;COCONUT;SEASHELLS;10117.0;8
897000;Vinnie;Vinnie;COCONUT;SEASHELLS;10115.0;6
897000;Valentina;Vinnie;COCONUT_COUPON;SEASHELLS;695.0;11
897300;Valentina;Ruby;COCONUT_COUPON;SEASHELLS;694.0;15
897500;Valentina;Valentina;COCONUT_COUPON;SEASHELLS;693.0;6
898600;Valentina;Vinnie;COCONUT_COUPON;SEASHELLS;690.0;15
898900;Vinnie;Rhianna;COCONUT;SEASHELLS;10107.0;1
900400;Valentina;Vinnie;COCONUT_COUPON;SEASHELLS;691.0;18
901000;Valentina;Ruby;COCONUT_COUPON;SEASHELLS;690.0;15
901100;Vinnie;Vinnie;COCONUT;SEASHELLS;10101.0;10
901500;Rhianna;Vinnie;COCONUT;SEASHELLS;10105.0;3
902900;Valentina;Vinnie;COCONUT_COUPON;SEASHELLS;689.0;17
902900;Vinnie;Vinnie;COCONUT;SEASHELLS;10105.0;10
903400;Valentina;Ruby;COCONUT_COUPON;SEASHELLS;686.0;10
904400;Vinnie;Vinnie;COCONUT;SEASHELLS;10107.0;9
904500;Valentina;Vinnie;COCONUT_COUPON;SEASHELLS;685.0;14
904600;Valentina;Ruby;COCONUT_COUPON;SEASHELLS;683.0;19
904800;Valentina;Ruby;COCONUT_COUPON;SEASHELLS;684.0;7
904800;Vladimir;Ruby;COCONUT_COUPON;SEASHELLS;684.0;3
904800;Valentina;Vinnie;COCONUT_COUPON;SEASHELLS;684.0;12
904900;Vinnie;Vinnie;COCONUT;SEASHELLS;10104.0;9
905000;Vinnie;Vinnie;COCONUT;SEASHELLS;10105.0;10
905200;Raj;Vinnie;COCONUT;SEASHELLS;10108.0;7
905300;Valentina;Vinnie;COCONUT_COUPON;SEASHELLS;685.0;18
905300;Valentina;Rhianna;COCONUT_COUPON;SEASHELLS;685.0;5
906800;Valentina;Vinnie;COCONUT_COUPON;SEASHELLS;678.0;15
907800;Raj;Vinnie;COCONUT;SEASHELLS;10098.0;9
907900;Valentina;Rhianna;COCONUT_COUPON;SEASHELLS;677.0;11
909300;Valentina;Vinnie;COCONUT_COUPON;SEASHELLS;679.0;18
910000;Valentina;Vinnie;COCONUT_COUPON;SEASHELLS;684.0;19
912200;Vinnie;Vinnie;COCONUT;SEASHELLS;10109.0;9
913400;Vinnie;Raj;COCONUT;SEASHELLS;10110.0;9
913400;Valentina;Vinnie;COCONUT_COUPON;SEASHELLS;680.0;16
914200;Vinnie;Vinnie;COCONUT;SEASHELLS;10108.0;7
914600;Vinnie;Vinnie;COCONUT;SEASHELLS;10106.0;10
915200;Valentina;Vinnie;COCONUT_COUPON;SEASHELLS;681.0;11
916500;Vinnie;Rhianna;COCONUT;SEASHELLS;10108.0;1
917200;Valentina;Rhianna;COCONUT_COUPON;SEASHELLS;680.0;14
918300;Valentina;Vinnie;COCONUT_COUPON;SEASHELLS;681.0;13
918900;Valentina;Vinnie;COCONUT_COUPON;SEASHELLS;684.0;13
920000;Vinnie;Vinnie;COCONUT;SEASHELLS;10109.0;5
920200;Valentina;Vinnie;COCONUT_COUPON;SEASHELLS;681.0;14
921100;Valentina;Vinnie;COCONUT_COUPON;SEASHELLS;675.0;16
921300;Vinnie;Rhianna;COCONUT_COUPON;SEASHELLS;675.0;13
921300;Valentina;Rhianna;COCONUT_COUPON;SEASHELLS;674.0;1
921500;Ruby;Valentina;COCONUT_COUPON;SEASHELLS;675.0;15
921600;Valentina;Vinnie;COCONUT_COUPON;SEASHELLS;673.0;10
922100;Valentina;Rhianna;COCONUT_COUPON;SEASHELLS;673.0;8
922700;Vinnie;Rhianna;COCONUT;SEASHELLS;10104.0;3
923900;Valentina;Ruby;COCONUT_COUPON;SEASHELLS;675.0;0
923900;Vladimir;Ruby;COCONUT_COUPON;SEASHELLS;675.0;10
923900;Vladimir;Vinnie;COCONUT_COUPON;SEASHELLS;675.0;1
923900;Valentina;Vinnie;COCONUT_COUPON;SEASHELLS;675.0;17
924300;Valentina;Rhianna;COCONUT_COUPON;SEASHELLS;674.0;11
926300;Valentina;Vinnie;COCONUT_COUPON;SEASHELLS;672.0;14
928200;Ruby;Valentina;COCONUT_COUPON;SEASHELLS;669.0;12
931700;Vinnie;Raj;COCONUT;SEASHELLS;10105.0;6
932300;Vinnie;Vinnie;COCONUT;SEASHELLS;10105.0;6
933200;Valentina;Vinnie;COCONUT_COUPON;SEASHELLS;684.0;18
934100;Rhianna;Vinnie;COCONUT;SEASHELLS;10107.0;2
934500;Ruby;Valentina;COCONUT_COUPON;SEASHELLS;687.0;18
936400;Vladimir;Rhianna;COCONUT_COUPON;SEASHELLS;682.0;8
936400;Vladimir;Vinnie;COCONUT_COUPON;SEASHELLS;682.0;4
936400;Valentina;Rhianna;COCONUT_COUPON;SEASHELLS;682.0;0
936400;Valentina;Vinnie;COCONUT_COUPON;SEASHELLS;682.0;16
937100;Valentina;Rhianna;COCONUT_COUPON;SEASHELLS;687.0;11
937300;Valentina;Vinnie;COCONUT_COUPON;SEASHELLS;686.0;16
937600;Valentina;Vinnie;COCONUT_COUPON;SEASHELLS;686.0;13
938700;Valentina;Vinnie;COCONUT_COUPON;SEASHELLS;691.0;10
939700;Vinnie;Vinnie;COCONUT;SEASHELLS;10111.0;6
939700;Raj;Vinnie;COCONUT;SEASHELLS;10112.0;5
940500;Valentina;Vinnie;COCONUT_COUPON;SEASHELLS;693.0;10
940900;Valentina;Rhianna;COCONUT_COUPON;SEASHELLS;695.0;7
942600;Vinnie;Vinnie;COCONUT;SEASHELLS;10107.0;5
942700;Valentina;Rhianna;COCONUT_COUPON;SEASHELLS;689.0;7
943100;Valentina;Ruby;COCONUT_COUPON;SEASHELLS;690.0;13
943100;Vinnie;Vinnie;COCONUT;SEASHELLS;10109.0;6
943800;Rhianna;Vinnie;COCONUT;SEASHELLS;10112.0;1
944100;Vinnie;Vinnie;COCONUT;SEASHELLS;10107.0;6
944300;Vinnie;Vinnie;COCONUT;SEASHELLS;10107.0;6
945300;Vladimir;Ruby;COCONUT_COUPON;SEASHELLS;687.0;2
945300;Valentina;Ruby;COCONUT_COUPON;SEASHELLS;687.0;17
945400;Valentina;Ruby;COCONUT_COUPON;SEASHELLS;689.0;13
946200;Valentina;Vinnie;COCONUT_COUPON;SEASHELLS;686.0;13
946200;Ruby;Valentina;COCONUT_COUPON;SEASHELLS;687.0;15
947300;Valentina;Vinnie;COCONUT_COUPON;SEASHELLS;684.0;20
947800;Valentina;Vinnie;COCONUT_COUPON;SEASHELLS;681.0;12
948200;Vinnie;Vinnie;COCONUT;SEASHELLS;10104.0;10
948300;Ruby;Valentina;COCONUT_COUPON;SEASHELLS;683.0;12
948800;Valentina;Valentina;COCONUT_COUPON;SEASHELLS;684.0;7
949000;Valentina;Vinnie;COCONUT_COUPON;SEASHELLS;684.0;16
949700;Valentina;Vinnie;COCONUT_COUPON;SEASHELLS;688.0;16
949700;Valentina;Valentina;COCONUT_COUPON;SEASHELLS;688.0;6
949900;Vladimir;Valentina;COCONUT_COUPON;SEASHELLS;687.0;7
949900;Vinnie;Vinnie;COCONUT;SEASHELLS;10112.0;9
950300;Valentina;Vinnie;COCONUT_COUPON;SEASHELLS;685.0;14
950400;Vinnie;Raj;COCONUT;SEASHELLS;10108.0;8
950600;Raj;Vinnie;COCONUT;SEASHELLS;10110.0;6
950700;Valentina;Rhianna;COCONUT_COUPON;SEASHELLS;680.0;13
950800;Vinnie;Raj;COCONUT;SEASHELLS;10107.0;6
951300;Vinnie;Raj;COCONUT;SEASHELLS;10104.0;8
953700;Vinnie;Vinnie;COCONUT;SEASHELLS;10112.0;5
955100;Valentina;Vinnie;COCONUT_COUPON;SEASHELLS;683.0;14
955400;Valentina;Rhianna;COCONUT_COUPON;SEASHELLS;682.0;10
955400;Vinnie;Raj;COCONUT;SEASHELLS;10108.0;6
956100;Valentina;Vinnie;COCONUT_COUPON;SEASHELLS;677.0;17
956300;Rhianna;Vinnie;COCONUT;SEASHELLS;10111.0;1
957100;Valentina;Vinnie;COCONUT_COUPON;SEASHELLS;678.0;16
957600;Valentina;Vinnie;COCONUT_COUPON;SEASHELLS;676.0;10
957900;Valentina;Ruby;COCONUT_COUPON;SEASHELLS;676.0;13
958000;Valentina;Vinnie;COCONUT_COUPON;SEASHELLS;678.0;16
958600;Vinnie;Vinnie;COCONUT;SEASHELLS;10113.0;8
958600;Valentina;Rhianna;COCONUT_COUPON;SEASHELLS;678.0;11
958800;Valentina;Vinnie;COCONUT_COUPON;SEASHELLS;681.0;20
959000;Vinnie;Vinnie;COCONUT;SEASHELLS;10113.0;7
959300;Valentina;Vinnie;COCONUT_COUPON;SEASHELLS;677.0;15
959400;Raj;Vinnie;COCONUT;SEASHELLS;10114.0;5
959600;Valentina;Vinnie;COCONUT_COUPON;SEASHELLS;679.0;14
960300;Valentina;Ruby;COCONUT_COUPON;SEASHELLS;681.0;12
961100;Vladimir;Valentina;COCONUT_COUPON;SEASHELLS;689.0;4
962600;Valentina;Valentina;COCONUT_COUPON;SEASHELLS;693.0;6
963000;Valentina;Vinnie;COCONUT_COUPON;SEASHELLS;690.0;11
963800;Valentina;Valentina;COCONUT_COUPON;SEASHELLS;691.0;7
964000;Valentina;Vinnie;COCONUT_COUPON;SEASHELLS;690.0;16
966800;Vinnie;Vinnie;COCONUT;SEASHELLS;10118.0;7
968300;Valentina;Vinnie;COCONUT_COUPON;SEASHELLS;683.0;16
968900;Valentina;Vinnie;COCONUT_COUPON;SEASHELLS;680.0;10
970300;Valentina;Ruby;COCONUT_COUPON;SEASHELLS;681.0;11
970800;Valentina;Valentina;COCONUT_COUPON;SEASHELLS;682.0;6
971500;Valentina;Vinnie;COCONUT_COUPON;SEASHELLS;682.0;13
971800;Valentina;Vinnie;COCONUT_COUPON;SEASHELLS;679.0;17
971900;Valentina;Rhianna;COCONUT_COUPON;SEASHELLS;680.0;13
973800;Ruby;Valentina;COCONUT_COUPON;SEASHELLS;687.0;13
974900;Valentina;Vinnie;COCONUT_COUPON;SEASHELLS;681.0;13
974900;Vinnie;Vinnie;COCONUT;SEASHELLS;10132.0;8
975200;Valentina;Valentina;COCONUT_COUPON;SEASHELLS;679.0;8
975300;Valentina;Vinnie;COCONUT_COUPON;SEASHELLS;678.0;10
977400;Valentina;Vinnie;COCONUT_COUPON;SEASHELLS;673.0;16
978100;Valentina;Vinnie;COCONUT_COUPON;SEASHELLS;671.0;10
978600;Vinnie;Raj;COCONUT;SEASHELLS;10129.0;10
978800;Vinnie;Vinnie;COCONUT;SEASHELLS;10128.0;6
979100;Vinnie;Vinnie;COCONUT;SEASHELLS;10127.0;10
979600;Vinnie;Raj;COCONUT;SEASHELLS;10132.0;5
979900;Vinnie;Raj;COCONUT;SEASHELLS;10134.0;10
980100;Valentina;Rhianna;COCONUT_COUPON;SEASHELLS;680.0;5
981700;Ruby;Valentina;COCONUT_COUPON;SEASHELLS;679.0;16
982300;Vinnie;Vinnie;COCONUT;SEASHELLS;10134.0;5
982600;Vinnie;Vinnie;COCONUT;SEASHELLS;10137.0;5
983600;Valentina;Vinnie;COCONUT_COUPON;SEASHELLS;684.0;12
983800;Vinnie;Vinnie;COCONUT;SEASHELLS;10133.0;6
984500;Vladimir;Ruby;COCONUT_COUPON;SEASHELLS;685.0;10
984600;Valentina;Vinnie;COCONUT_COUPON;SEASHELLS;686.0;11
986700;Raj;Vinnie;COCONUT;SEASHELLS;10126.0;9
987200;Vinnie;Vinnie;COCONUT;SEASHELLS;10125.0;5
987300;Valentina;Vinnie;COCONUT_COUPON;SEASHELLS;677.0;13
988000;Valentina;Ruby;COCONUT_COUPON;SEASHELLS;679.0;14
988500;Ruby;Valentina;COCONUT_COUPON;SEASHELLS;676.0;13
988700;Valentina;Rhianna;COCONUT_COUPON;SEASHELLS;672.0;12
989100;Vinnie;Rhianna;COCONUT;SEASHELLS;10123.0;3
992200;Valentina;Valentina;COCONUT_COUPON;SEASHELLS;673.0;9
992300;Vinnie;Vinnie;COCONUT;SEASHELLS;10126.0;5
992400;Valentina;Ruby;COCONUT_COUPON;SEASHELLS;672.0;8
992400;Valentina;Vinnie;COCONUT_COUPON;SEASHELLS;672.0;14
992400;Valentina;Valentina;COCONUT_COUPON;SEASHELLS;672.0;4
992400;Vladimir;Ruby;COCONUT_COUPON;SEASHELLS;672.0;7
992900;Vinnie;Vinnie;COCONUT;SEASHELLS;10120.0;6
994200;Valentina;Rhianna;COCONUT_COUPON;SEASHELLS;669.0;8
996100;Valentina;Vinnie;COCONUT_COUPON;SEASHELLS;670.0;19
996600;Vinnie;Vinnie;COCONUT;SEASHELLS;10127.0;9
996600;Raj;Vinnie;COCONUT;SEASHELLS;10128.0;9
996700;Valentina;Vinnie;COCONUT_COUPON;SEASHELLS;670.0;19
997100;Vinnie;Vinnie;COCONUT;SEASHELLS;10126.0;6
997300;Valentina;Vinnie;COCONUT_COUPON;SEASHELLS;672.0;19
997500;Valentina;Vinnie;COCONUT_COUPON;SEASHELLS;675.0;16
997700;Valentina;Rhianna;COCONUT_COUPON;SEASHELLS;675.0;5
997800;Valentina;Rhianna;COCONUT_COUPON;SEASHELLS;675.0;12
998200;Valentina;Vinnie;COCONUT_COUPON;SEASHELLS;677.0;10
999200;Valentina;Rhianna;COCONUT_COUPON;SEASHELLS;677.0;7
999500;Vinnie;Vinnie;COCONUT;SEASHELLS;10135.0;8
999600;Ruby;Valentina;COCONUT_COUPON;SEASHELLS;683.0;14
